Entity,Code,Year,Crops - Oil palm fruit - 254 - Area harvested - 5312 - ha
Africa,,1961,3444970
Africa,,1962,3237470
Africa,,1963,3325700
Africa,,1964,3333700
Africa,,1965,3394650
Africa,,1966,3286350
Africa,,1967,2827170
Africa,,1968,2886250
Africa,,1969,2989650
Africa,,1970,2931900
Africa,,1971,2933050
Africa,,1972,2776410
Africa,,1973,2786658
Africa,,1974,2964202
Africa,,1975,2918437
Africa,,1976,2903133
Africa,,1977,2948657
Africa,,1978,2812362
Africa,,1979,3150373
Africa,,1980,3145234
Africa,,1981,2841171
Africa,,1982,2856176
Africa,,1983,2746172
Africa,,1984,3043621
Africa,,1985,3015208
Africa,,1986,3046353
Africa,,1987,3129142
Africa,,1988,3110078
Africa,,1989,3159323
Africa,,1990,3222002
Africa,,1991,3394830
Africa,,1992,3528345
Africa,,1993,3683773
Africa,,1994,3741006
Africa,,1995,3941291
Africa,,1996,3977150
Africa,,1997,3962750
Africa,,1998,3971400
Africa,,1999,4024032
Africa,,2000,4107375
Africa,,2001,4208015
Africa,,2002,4211897
Africa,,2003,4383029
Africa,,2004,4515812
Africa,,2005,4565861
Africa,,2006,4333687
Africa,,2007,4366763
Africa,,2008,4480012
Africa,,2009,4553239
Africa,,2010,4590311
Africa,,2011,4599276
Africa,,2012,4695163
Africa,,2013,4392651
Africa,,2014,4455338
Africa,,2015,4520406
Africa,,2016,4537692
Africa,,2017,4565949
Africa,,2018,4553558
Americas,,1961,61610
Americas,,1962,67612
Americas,,1963,66702
Americas,,1964,73070
Americas,,1965,82580
Americas,,1966,83615
Americas,,1967,90020
Americas,,1968,108619
Americas,,1969,89022
Americas,,1970,79067
Americas,,1971,97139
Americas,,1972,94052
Americas,,1973,89228
Americas,,1974,85258
Americas,,1975,75351
Americas,,1976,86013
Americas,,1977,90452
Americas,,1978,99252
Americas,,1979,106514
Americas,,1980,118535
Americas,,1981,117782
Americas,,1982,138384
Americas,,1983,136610
Americas,,1984,152642
Americas,,1985,165707
Americas,,1986,190722
Americas,,1987,197377
Americas,,1988,216080
Americas,,1989,240499
Americas,,1990,271103
Americas,,1991,320038
Americas,,1992,364268
Americas,,1993,357323
Americas,,1994,386013
Americas,,1995,395633
Americas,,1996,415439
Americas,,1997,435592
Americas,,1998,445140
Americas,,1999,457719
Americas,,2000,503507
Americas,,2001,546045
Americas,,2002,576289
Americas,,2003,597365
Americas,,2004,601598
Americas,,2005,646544
Americas,,2006,678914
Americas,,2007,704454
Americas,,2008,730679
Americas,,2009,797695
Americas,,2010,858490
Americas,,2011,935603
Americas,,2012,974979
Americas,,2013,1067607
Americas,,2014,1183726
Americas,,2015,1299535
Americas,,2016,1275947
Americas,,2017,1301814
Americas,,2018,1307143
Angola,AGO,1961,22000
Angola,AGO,1962,22000
Angola,AGO,1963,21000
Angola,AGO,1964,22000
Angola,AGO,1965,18000
Angola,AGO,1966,19000
Angola,AGO,1967,20000
Angola,AGO,1968,20000
Angola,AGO,1969,23000
Angola,AGO,1970,21000
Angola,AGO,1971,21000
Angola,AGO,1972,21000
Angola,AGO,1973,21000
Angola,AGO,1974,21000
Angola,AGO,1975,21000
Angola,AGO,1976,19000
Angola,AGO,1977,18000
Angola,AGO,1978,20000
Angola,AGO,1979,20000
Angola,AGO,1980,20000
Angola,AGO,1981,19000
Angola,AGO,1982,19000
Angola,AGO,1983,20000
Angola,AGO,1984,19000
Angola,AGO,1985,18000
Angola,AGO,1986,19000
Angola,AGO,1987,20000
Angola,AGO,1988,20000
Angola,AGO,1989,21000
Angola,AGO,1990,21000
Angola,AGO,1991,21500
Angola,AGO,1992,21500
Angola,AGO,1993,21500
Angola,AGO,1994,21500
Angola,AGO,1995,22000
Angola,AGO,1996,22400
Angola,AGO,1997,22000
Angola,AGO,1998,22400
Angola,AGO,1999,22500
Angola,AGO,2000,23000
Angola,AGO,2001,23000
Angola,AGO,2002,23000
Angola,AGO,2003,23000
Angola,AGO,2004,23000
Angola,AGO,2005,23000
Angola,AGO,2006,23000
Angola,AGO,2007,23000
Angola,AGO,2008,23000
Angola,AGO,2009,23000
Angola,AGO,2010,23000
Angola,AGO,2011,23000
Angola,AGO,2012,23000
Angola,AGO,2013,23000
Angola,AGO,2014,23064
Angola,AGO,2015,23186
Angola,AGO,2016,23212
Angola,AGO,2017,23251
Angola,AGO,2018,23290
Asia,,1961,114402
Asia,,1962,117275
Asia,,1963,125173
Asia,,1964,134000
Asia,,1965,140100
Asia,,1966,153650
Asia,,1967,164750
Asia,,1968,190350
Asia,,1969,216950
Asia,,1970,251950
Asia,,1971,281350
Asia,,1972,338750
Asia,,1973,384000
Asia,,1974,445500
Asia,,1975,538166
Asia,,1976,593449
Asia,,1977,671246
Asia,,1978,794203
Asia,,1979,883915
Asia,,1980,998724
Asia,,1981,1099747
Asia,,1982,1168071
Asia,,1983,1313151
Asia,,1984,1431031
Asia,,1985,1675688
Asia,,1986,1864660
Asia,,1987,1929405
Asia,,1988,2212179
Asia,,1989,2411976
Asia,,1990,2571087
Asia,,1991,3037467
Asia,,1992,3246780
Asia,,1993,3429516
Asia,,1994,3664324
Asia,,1995,3951700
Asia,,1996,4356769
Asia,,1997,4762328
Asia,,1998,5148957
Asia,,1999,5446911
Asia,,2000,5695042
Asia,,2001,6018216
Asia,,2002,6803627
Asia,,2003,7211155
Asia,,2004,7587166
Asia,,2005,8151594
Asia,,2006,8745167
Asia,,2007,9389576
Asia,,2008,10029925
Asia,,2009,10676511
Asia,,2010,11281375
Asia,,2011,11852000
Asia,,2012,12435140
Asia,,2013,13031519
Asia,,2014,13603322
Asia,,2015,14262274
Asia,,2016,12558114
Asia,,2017,12680118
Asia,,2018,12852615
Benin,BEN,1961,30000
Benin,BEN,1962,30000
Benin,BEN,1963,30000
Benin,BEN,1964,30000
Benin,BEN,1965,30000
Benin,BEN,1966,30000
Benin,BEN,1967,30000
Benin,BEN,1968,30000
Benin,BEN,1969,30000
Benin,BEN,1970,30000
Benin,BEN,1971,30000
Benin,BEN,1972,30000
Benin,BEN,1973,30000
Benin,BEN,1974,30000
Benin,BEN,1975,30000
Benin,BEN,1976,30000
Benin,BEN,1977,30000
Benin,BEN,1978,30000
Benin,BEN,1979,30000
Benin,BEN,1980,30000
Benin,BEN,1981,30000
Benin,BEN,1982,30000
Benin,BEN,1983,30000
Benin,BEN,1984,30000
Benin,BEN,1985,24000
Benin,BEN,1986,24000
Benin,BEN,1987,24000
Benin,BEN,1988,24000
Benin,BEN,1989,18000
Benin,BEN,1990,18000
Benin,BEN,1991,15000
Benin,BEN,1992,15000
Benin,BEN,1993,15000
Benin,BEN,1994,15000
Benin,BEN,1995,18000
Benin,BEN,1996,18000
Benin,BEN,1997,19000
Benin,BEN,1998,20000
Benin,BEN,1999,20000
Benin,BEN,2000,21000
Benin,BEN,2001,18000
Benin,BEN,2002,18000
Benin,BEN,2003,20000
Benin,BEN,2004,21000
Benin,BEN,2005,22000
Benin,BEN,2006,22000
Benin,BEN,2007,23000
Benin,BEN,2008,24000
Benin,BEN,2009,25000
Benin,BEN,2010,26000
Benin,BEN,2011,29000
Benin,BEN,2012,32000
Benin,BEN,2013,36000
Benin,BEN,2014,36499
Benin,BEN,2015,35441
Benin,BEN,2016,33937
Benin,BEN,2017,33906
Benin,BEN,2018,33522
Brazil,BRA,1961,2000
Brazil,BRA,1962,2300
Brazil,BRA,1963,2400
Brazil,BRA,1964,2900
Brazil,BRA,1965,4000
Brazil,BRA,1966,5200
Brazil,BRA,1967,4600
Brazil,BRA,1968,4900
Brazil,BRA,1969,5500
Brazil,BRA,1970,2200
Brazil,BRA,1971,2500
Brazil,BRA,1972,2700
Brazil,BRA,1973,2900
Brazil,BRA,1974,3100
Brazil,BRA,1975,3300
Brazil,BRA,1976,4300
Brazil,BRA,1977,5700
Brazil,BRA,1978,7100
Brazil,BRA,1979,7600
Brazil,BRA,1980,5700
Brazil,BRA,1981,6600
Brazil,BRA,1982,7600
Brazil,BRA,1983,8600
Brazil,BRA,1984,11000
Brazil,BRA,1985,13500
Brazil,BRA,1986,14500
Brazil,BRA,1987,18000
Brazil,BRA,1988,21000
Brazil,BRA,1989,25000
Brazil,BRA,1990,33000
Brazil,BRA,1991,69316
Brazil,BRA,1992,80932
Brazil,BRA,1993,69714
Brazil,BRA,1994,67388
Brazil,BRA,1995,68003
Brazil,BRA,1996,72929
Brazil,BRA,1997,80345
Brazil,BRA,1998,79021
Brazil,BRA,1999,77773
Brazil,BRA,2000,81881
Brazil,BRA,2001,84636
Brazil,BRA,2002,78363
Brazil,BRA,2003,85889
Brazil,BRA,2004,87542
Brazil,BRA,2005,87925
Brazil,BRA,2006,96509
Brazil,BRA,2007,102042
Brazil,BRA,2008,103158
Brazil,BRA,2009,103904
Brazil,BRA,2010,106420
Brazil,BRA,2011,109080
Brazil,BRA,2012,113135
Brazil,BRA,2013,108635
Brazil,BRA,2014,126559
Brazil,BRA,2015,140082
Brazil,BRA,2016,135546
Brazil,BRA,2017,111233
Brazil,BRA,2018,109044
Burundi,BDI,1961,800
Burundi,BDI,1962,800
Burundi,BDI,1963,800
Burundi,BDI,1964,800
Burundi,BDI,1965,800
Burundi,BDI,1966,800
Burundi,BDI,1967,800
Burundi,BDI,1968,900
Burundi,BDI,1969,1100
Burundi,BDI,1970,1200
Burundi,BDI,1971,1200
Burundi,BDI,1972,1100
Burundi,BDI,1973,1300
Burundi,BDI,1974,1000
Burundi,BDI,1975,1200
Burundi,BDI,1976,1200
Burundi,BDI,1977,1200
Burundi,BDI,1978,1600
Burundi,BDI,1979,1200
Burundi,BDI,1980,1200
Burundi,BDI,1981,1200
Burundi,BDI,1982,1200
Burundi,BDI,1983,1200
Burundi,BDI,1984,1200
Burundi,BDI,1985,1250
Burundi,BDI,1986,1250
Burundi,BDI,1987,1250
Burundi,BDI,1988,1250
Burundi,BDI,1989,1250
Burundi,BDI,1990,1250
Burundi,BDI,1991,1250
Burundi,BDI,1992,1250
Burundi,BDI,1993,1250
Burundi,BDI,1994,1250
Burundi,BDI,1995,1250
Burundi,BDI,1996,1250
Burundi,BDI,1997,1250
Burundi,BDI,1998,1250
Burundi,BDI,1999,1250
Burundi,BDI,2000,1200
Burundi,BDI,2001,950
Burundi,BDI,2002,1100
Burundi,BDI,2003,1500
Burundi,BDI,2004,2000
Burundi,BDI,2005,3300
Burundi,BDI,2006,5500
Burundi,BDI,2007,8500
Burundi,BDI,2008,9500
Burundi,BDI,2009,9000
Burundi,BDI,2010,8400
Burundi,BDI,2011,7000
Burundi,BDI,2012,7200
Burundi,BDI,2013,7900
Burundi,BDI,2014,8602
Burundi,BDI,2015,8570
Burundi,BDI,2016,8715
Burundi,BDI,2017,8751
Burundi,BDI,2018,8707
Cambodia,KHM,1991,13086
Cambodia,KHM,1992,13112
Cambodia,KHM,1993,13139
Cambodia,KHM,1994,13165
Cambodia,KHM,1995,13191
Cambodia,KHM,1996,13218
Cambodia,KHM,1997,13244
Cambodia,KHM,1998,13271
Cambodia,KHM,1999,13298
Cambodia,KHM,2000,13325
Cambodia,KHM,2001,13352
Cambodia,KHM,2002,13379
Cambodia,KHM,2003,13406
Cambodia,KHM,2004,13463
Cambodia,KHM,2005,13549
Cambodia,KHM,2006,13636
Cambodia,KHM,2007,13724
Cambodia,KHM,2008,13814
Cambodia,KHM,2009,13904
Cambodia,KHM,2010,13996
Cambodia,KHM,2011,14089
Cambodia,KHM,2012,14115
Cambodia,KHM,2013,14224
Cambodia,KHM,2014,14300
Cambodia,KHM,2015,14500
Cambodia,KHM,2016,14631
Cambodia,KHM,2017,14640
Cambodia,KHM,2018,14744
Cameroon,CMR,1961,30000
Cameroon,CMR,1962,28000
Cameroon,CMR,1963,35000
Cameroon,CMR,1964,37000
Cameroon,CMR,1965,45000
Cameroon,CMR,1966,33000
Cameroon,CMR,1967,45000
Cameroon,CMR,1968,47000
Cameroon,CMR,1969,43000
Cameroon,CMR,1970,37000
Cameroon,CMR,1971,34000
Cameroon,CMR,1972,35000
Cameroon,CMR,1973,36000
Cameroon,CMR,1974,37000
Cameroon,CMR,1975,42000
Cameroon,CMR,1976,33000
Cameroon,CMR,1977,33000
Cameroon,CMR,1978,36000
Cameroon,CMR,1979,38000
Cameroon,CMR,1980,43000
Cameroon,CMR,1981,35000
Cameroon,CMR,1982,40000
Cameroon,CMR,1983,33000
Cameroon,CMR,1984,45000
Cameroon,CMR,1985,45000
Cameroon,CMR,1986,45000
Cameroon,CMR,1987,45000
Cameroon,CMR,1988,45000
Cameroon,CMR,1989,55000
Cameroon,CMR,1990,55000
Cameroon,CMR,1991,52000
Cameroon,CMR,1992,52500
Cameroon,CMR,1993,48000
Cameroon,CMR,1994,49000
Cameroon,CMR,1995,50000
Cameroon,CMR,1996,51000
Cameroon,CMR,1997,52000
Cameroon,CMR,1998,52000
Cameroon,CMR,1999,55000
Cameroon,CMR,2000,56075
Cameroon,CMR,2001,55000
Cameroon,CMR,2002,56000
Cameroon,CMR,2003,57000
Cameroon,CMR,2004,57000
Cameroon,CMR,2005,70000
Cameroon,CMR,2006,72000
Cameroon,CMR,2007,72857
Cameroon,CMR,2008,78202
Cameroon,CMR,2009,102109
Cameroon,CMR,2010,112430
Cameroon,CMR,2011,121770
Cameroon,CMR,2012,128000
Cameroon,CMR,2013,135000
Cameroon,CMR,2014,134943
Cameroon,CMR,2015,148298
Cameroon,CMR,2016,138993
Cameroon,CMR,2017,142162
Cameroon,CMR,2018,145970
Caribbean,,1989,1000
Caribbean,,1990,3000
Caribbean,,1991,5000
Caribbean,,1992,6000
Caribbean,,1993,8000
Caribbean,,1994,9000
Caribbean,,1995,9000
Caribbean,,1996,9000
Caribbean,,1997,8935
Caribbean,,1998,11747
Caribbean,,1999,12553
Caribbean,,2000,13527
Caribbean,,2001,14507
Caribbean,,2002,15492
Caribbean,,2003,16481
Caribbean,,2004,17475
Caribbean,,2005,18475
Caribbean,,2006,19480
Caribbean,,2007,20490
Caribbean,,2008,21506
Caribbean,,2009,22526
Caribbean,,2010,23551
Caribbean,,2011,24582
Caribbean,,2012,25618
Caribbean,,2013,26660
Caribbean,,2014,27570
Caribbean,,2015,28528
Caribbean,,2016,29445
Caribbean,,2017,30434
Caribbean,,2018,31446
Central African Republic,CAF,1961,2800
Central African Republic,CAF,1962,2800
Central African Republic,CAF,1963,2800
Central African Republic,CAF,1964,2800
Central African Republic,CAF,1965,2800
Central African Republic,CAF,1966,4500
Central African Republic,CAF,1967,4500
Central African Republic,CAF,1968,4500
Central African Republic,CAF,1969,6500
Central African Republic,CAF,1970,6500
Central African Republic,CAF,1971,6500
Central African Republic,CAF,1972,8500
Central African Republic,CAF,1973,8500
Central African Republic,CAF,1974,8500
Central African Republic,CAF,1975,11000
Central African Republic,CAF,1976,11000
Central African Republic,CAF,1977,9200
Central African Republic,CAF,1978,8000
Central African Republic,CAF,1979,8000
Central African Republic,CAF,1980,8000
Central African Republic,CAF,1981,8000
Central African Republic,CAF,1982,8000
Central African Republic,CAF,1983,8000
Central African Republic,CAF,1984,8000
Central African Republic,CAF,1985,8000
Central African Republic,CAF,1986,8000
Central African Republic,CAF,1987,8000
Central African Republic,CAF,1988,8000
Central African Republic,CAF,1989,8000
Central African Republic,CAF,1990,8000
Central African Republic,CAF,1991,8000
Central African Republic,CAF,1992,7000
Central African Republic,CAF,1993,5700
Central African Republic,CAF,1994,5700
Central African Republic,CAF,1995,4500
Central African Republic,CAF,1996,4500
Central African Republic,CAF,1997,4500
Central African Republic,CAF,1998,4500
Central African Republic,CAF,1999,4500
Central African Republic,CAF,2000,4000
Central African Republic,CAF,2001,4000
Central African Republic,CAF,2002,4000
Central African Republic,CAF,2003,3700
Central African Republic,CAF,2004,3700
Central African Republic,CAF,2005,3500
Central African Republic,CAF,2006,3000
Central African Republic,CAF,2007,2500
Central African Republic,CAF,2008,1900
Central African Republic,CAF,2009,1220
Central African Republic,CAF,2010,625
Central African Republic,CAF,2011,630
Central African Republic,CAF,2012,630
Central African Republic,CAF,2013,650
Central African Republic,CAF,2014,653
Central African Republic,CAF,2015,650
Central African Republic,CAF,2016,660
Central African Republic,CAF,2017,650
Central African Republic,CAF,2018,639
Central America,,1961,22910
Central America,,1962,26112
Central America,,1963,24952
Central America,,1964,26120
Central America,,1965,26080
Central America,,1966,26265
Central America,,1967,24320
Central America,,1968,27719
Central America,,1969,25622
Central America,,1970,21986
Central America,,1971,20283
Central America,,1972,22706
Central America,,1973,28107
Central America,,1974,29017
Central America,,1975,24708
Central America,,1976,29486
Central America,,1977,28998
Central America,,1978,31266
Central America,,1979,35477
Central America,,1980,35447
Central America,,1981,36834
Central America,,1982,36786
Central America,,1983,41018
Central America,,1984,40154
Central America,,1985,41913
Central America,,1986,45272
Central America,,1987,44735
Central America,,1988,47555
Central America,,1989,50388
Central America,,1990,57197
Central America,,1991,61575
Central America,,1992,65383
Central America,,1993,60811
Central America,,1994,71602
Central America,,1995,76266
Central America,,1996,77987
Central America,,1997,81784
Central America,,1998,88355
Central America,,1999,103003
Central America,,2000,111390
Central America,,2001,133590
Central America,,2002,144180
Central America,,2003,150758
Central America,,2004,168336
Central America,,2005,179701
Central America,,2006,204739
Central America,,2007,216760
Central America,,2008,230818
Central America,,2009,245889
Central America,,2010,263354
Central America,,2011,281851
Central America,,2012,314049
Central America,,2013,361006
Central America,,2014,388938
Central America,,2015,433917
Central America,,2016,466769
Central America,,2017,503152
Central America,,2018,526417
China,CHN,1985,55000
China,CHN,1986,53000
China,CHN,1987,50500
China,CHN,1988,50500
China,CHN,1989,47000
China,CHN,1990,43000
China,CHN,1991,41000
China,CHN,1992,41000
China,CHN,1993,41000
China,CHN,1994,41000
China,CHN,1995,41000
China,CHN,1996,42000
China,CHN,1997,42000
China,CHN,1998,43000
China,CHN,1999,43000
China,CHN,2000,45000
China,CHN,2001,47000
China,CHN,2002,47000
China,CHN,2003,47000
China,CHN,2004,47000
China,CHN,2005,47000
China,CHN,2006,45000
China,CHN,2007,48000
China,CHN,2008,48000
China,CHN,2009,50000
China,CHN,2010,47000
China,CHN,2011,48000
China,CHN,2012,49000
China,CHN,2013,50000
China,CHN,2014,50807
China,CHN,2015,50425
China,CHN,2016,51063
China,CHN,2017,51560
China,CHN,2018,52018
Colombia,COL,1961,800
Colombia,COL,1962,1100
Colombia,COL,1963,1250
Colombia,COL,1964,1350
Colombia,COL,1965,1500
Colombia,COL,1966,1650
Colombia,COL,1967,5600
Colombia,COL,1968,10000
Colombia,COL,1969,10000
Colombia,COL,1970,11500
Colombia,COL,1971,13800
Colombia,COL,1972,15000
Colombia,COL,1973,16500
Colombia,COL,1974,18200
Colombia,COL,1975,15700
Colombia,COL,1976,16000
Colombia,COL,1977,17400
Colombia,COL,1978,19200
Colombia,COL,1979,22600
Colombia,COL,1980,25400
Colombia,COL,1981,27700
Colombia,COL,1982,31600
Colombia,COL,1983,35400
Colombia,COL,1984,38746
Colombia,COL,1985,43840
Colombia,COL,1986,48790
Colombia,COL,1987,51560
Colombia,COL,1988,62870
Colombia,COL,1989,76135
Colombia,COL,1990,89671
Colombia,COL,1991,97604
Colombia,COL,1992,108510
Colombia,COL,1993,113395
Colombia,COL,1994,108040
Colombia,COL,1995,113367
Colombia,COL,1996,117853
Colombia,COL,1997,120192
Colombia,COL,1998,123130
Colombia,COL,1999,128423
Colombia,COL,2000,134772
Colombia,COL,2001,138457
Colombia,COL,2002,145026
Colombia,COL,2003,150399
Colombia,COL,2004,157328
Colombia,COL,2005,169564
Colombia,COL,2006,165000
Colombia,COL,2007,165000
Colombia,COL,2008,165000
Colombia,COL,2009,165000
Colombia,COL,2010,203415
Colombia,COL,2011,231172
Colombia,COL,2012,235014
Colombia,COL,2013,252742
Colombia,COL,2014,274856
Colombia,COL,2015,307565
Colombia,COL,2016,277811
Colombia,COL,2017,284614
Colombia,COL,2018,288545
Congo,COG,1961,10000
Congo,COG,1962,10000
Congo,COG,1963,12000
Congo,COG,1964,9000
Congo,COG,1965,6500
Congo,COG,1966,5000
Congo,COG,1967,5000
Congo,COG,1968,5000
Congo,COG,1969,5500
Congo,COG,1970,5500
Congo,COG,1971,5500
Congo,COG,1972,5500
Congo,COG,1973,5883
Congo,COG,1974,6000
Congo,COG,1975,6000
Congo,COG,1976,6000
Congo,COG,1977,7000
Congo,COG,1978,7000
Congo,COG,1979,7000
Congo,COG,1980,7000
Congo,COG,1981,7000
Congo,COG,1982,7000
Congo,COG,1983,7000
Congo,COG,1984,7000
Congo,COG,1985,7000
Congo,COG,1986,7000
Congo,COG,1987,7000
Congo,COG,1988,7000
Congo,COG,1989,7000
Congo,COG,1990,7000
Congo,COG,1991,7000
Congo,COG,1992,7000
Congo,COG,1993,7000
Congo,COG,1994,7000
Congo,COG,1995,7000
Congo,COG,1996,7200
Congo,COG,1997,7000
Congo,COG,1998,7100
Congo,COG,1999,7200
Congo,COG,2000,7200
Congo,COG,2001,7200
Congo,COG,2002,7200
Congo,COG,2003,7200
Congo,COG,2004,8000
Congo,COG,2005,8400
Congo,COG,2006,10800
Congo,COG,2007,11100
Congo,COG,2008,11150
Congo,COG,2009,11200
Congo,COG,2010,11300
Congo,COG,2011,11300
Congo,COG,2012,11500
Congo,COG,2013,11600
Congo,COG,2014,11627
Congo,COG,2015,11632
Congo,COG,2016,11672
Congo,COG,2017,11712
Congo,COG,2018,11752
Costa Rica,CRI,1961,1500
Costa Rica,CRI,1962,1900
Costa Rica,CRI,1963,3250
Costa Rica,CRI,1964,3250
Costa Rica,CRI,1965,3250
Costa Rica,CRI,1966,3220
Costa Rica,CRI,1967,3350
Costa Rica,CRI,1968,3600
Costa Rica,CRI,1969,4240
Costa Rica,CRI,1970,4600
Costa Rica,CRI,1971,5000
Costa Rica,CRI,1972,5000
Costa Rica,CRI,1973,7900
Costa Rica,CRI,1974,7900
Costa Rica,CRI,1975,7900
Costa Rica,CRI,1976,8100
Costa Rica,CRI,1977,8100
Costa Rica,CRI,1978,9800
Costa Rica,CRI,1979,11200
Costa Rica,CRI,1980,11000
Costa Rica,CRI,1981,12000
Costa Rica,CRI,1982,12300
Costa Rica,CRI,1983,14923
Costa Rica,CRI,1984,13831
Costa Rica,CRI,1985,13816
Costa Rica,CRI,1986,14290
Costa Rica,CRI,1987,16464
Costa Rica,CRI,1988,18657
Costa Rica,CRI,1989,20000
Costa Rica,CRI,1990,23183
Costa Rica,CRI,1991,23891
Costa Rica,CRI,1992,24600
Costa Rica,CRI,1993,26600
Costa Rica,CRI,1994,26652
Costa Rica,CRI,1995,28190
Costa Rica,CRI,1996,27239
Costa Rica,CRI,1997,26586
Costa Rica,CRI,1998,26455
Costa Rica,CRI,1999,37503
Costa Rica,CRI,2000,39790
Costa Rica,CRI,2001,39790
Costa Rica,CRI,2002,42480
Costa Rica,CRI,2003,43200
Costa Rica,CRI,2004,46600
Costa Rica,CRI,2005,50125
Costa Rica,CRI,2006,48406
Costa Rica,CRI,2007,48406
Costa Rica,CRI,2008,52600
Costa Rica,CRI,2009,55000
Costa Rica,CRI,2010,57000
Costa Rica,CRI,2011,60000
Costa Rica,CRI,2012,63500
Costa Rica,CRI,2013,74512
Costa Rica,CRI,2014,77750
Costa Rica,CRI,2015,69426
Costa Rica,CRI,2016,72456
Costa Rica,CRI,2017,76860
Costa Rica,CRI,2018,76910
Cote d'Ivoire,CIV,1961,45000
Cote d'Ivoire,CIV,1962,45000
Cote d'Ivoire,CIV,1963,45000
Cote d'Ivoire,CIV,1964,45000
Cote d'Ivoire,CIV,1965,45000
Cote d'Ivoire,CIV,1966,45000
Cote d'Ivoire,CIV,1967,45000
Cote d'Ivoire,CIV,1968,45000
Cote d'Ivoire,CIV,1969,45000
Cote d'Ivoire,CIV,1970,45000
Cote d'Ivoire,CIV,1971,50000
Cote d'Ivoire,CIV,1972,50810
Cote d'Ivoire,CIV,1973,59855
Cote d'Ivoire,CIV,1974,66502
Cote d'Ivoire,CIV,1975,69287
Cote d'Ivoire,CIV,1976,71693
Cote d'Ivoire,CIV,1977,74057
Cote d'Ivoire,CIV,1978,77362
Cote d'Ivoire,CIV,1979,80023
Cote d'Ivoire,CIV,1980,88134
Cote d'Ivoire,CIV,1981,91151
Cote d'Ivoire,CIV,1982,94626
Cote d'Ivoire,CIV,1983,90852
Cote d'Ivoire,CIV,1984,89601
Cote d'Ivoire,CIV,1985,90438
Cote d'Ivoire,CIV,1986,91033
Cote d'Ivoire,CIV,1987,89372
Cote d'Ivoire,CIV,1988,101885
Cote d'Ivoire,CIV,1989,102623
Cote d'Ivoire,CIV,1990,116202
Cote d'Ivoire,CIV,1991,130000
Cote d'Ivoire,CIV,1992,133965
Cote d'Ivoire,CIV,1993,133693
Cote d'Ivoire,CIV,1994,133706
Cote d'Ivoire,CIV,1995,133641
Cote d'Ivoire,CIV,1996,133000
Cote d'Ivoire,CIV,1997,134000
Cote d'Ivoire,CIV,1998,146500
Cote d'Ivoire,CIV,1999,158282
Cote d'Ivoire,CIV,2000,159000
Cote d'Ivoire,CIV,2001,163565
Cote d'Ivoire,CIV,2002,176297
Cote d'Ivoire,CIV,2003,171779
Cote d'Ivoire,CIV,2004,203031
Cote d'Ivoire,CIV,2005,197156
Cote d'Ivoire,CIV,2006,219233
Cote d'Ivoire,CIV,2007,203006
Cote d'Ivoire,CIV,2008,215000
Cote d'Ivoire,CIV,2009,245000
Cote d'Ivoire,CIV,2010,260000
Cote d'Ivoire,CIV,2011,265000
Cote d'Ivoire,CIV,2012,267000
Cote d'Ivoire,CIV,2013,270000
Cote d'Ivoire,CIV,2014,270000
Cote d'Ivoire,CIV,2015,274000
Cote d'Ivoire,CIV,2016,319201
Cote d'Ivoire,CIV,2017,353256
Cote d'Ivoire,CIV,2018,339459
Democratic Republic of Congo,COD,1961,229000
Democratic Republic of Congo,COD,1962,221000
Democratic Republic of Congo,COD,1963,207000
Democratic Republic of Congo,COD,1964,188000
Democratic Republic of Congo,COD,1965,143000
Democratic Republic of Congo,COD,1966,145000
Democratic Republic of Congo,COD,1967,171000
Democratic Republic of Congo,COD,1968,220000
Democratic Republic of Congo,COD,1969,222700
Democratic Republic of Congo,COD,1970,214500
Democratic Republic of Congo,COD,1971,205400
Democratic Republic of Congo,COD,1972,196600
Democratic Republic of Congo,COD,1973,185600
Democratic Republic of Congo,COD,1974,176700
Democratic Republic of Congo,COD,1975,173300
Democratic Republic of Congo,COD,1976,167400
Democratic Republic of Congo,COD,1977,166000
Democratic Republic of Congo,COD,1978,164200
Democratic Republic of Congo,COD,1979,179500
Democratic Republic of Congo,COD,1980,184400
Democratic Republic of Congo,COD,1981,189700
Democratic Republic of Congo,COD,1982,195200
Democratic Republic of Congo,COD,1983,201000
Democratic Republic of Congo,COD,1984,206400
Democratic Republic of Congo,COD,1985,211100
Democratic Republic of Congo,COD,1986,215900
Democratic Republic of Congo,COD,1987,220810
Democratic Republic of Congo,COD,1988,225830
Democratic Republic of Congo,COD,1989,230960
Democratic Republic of Congo,COD,1990,232120
Democratic Republic of Congo,COD,1991,233350
Democratic Republic of Congo,COD,1992,235000
Democratic Republic of Congo,COD,1993,236000
Democratic Republic of Congo,COD,1994,237000
Democratic Republic of Congo,COD,1995,238000
Democratic Republic of Congo,COD,1996,239000
Democratic Republic of Congo,COD,1997,220000
Democratic Republic of Congo,COD,1998,210000
Democratic Republic of Congo,COD,1999,200000
Democratic Republic of Congo,COD,2000,200000
Democratic Republic of Congo,COD,2001,180000
Democratic Republic of Congo,COD,2002,170000
Democratic Republic of Congo,COD,2003,160000
Democratic Republic of Congo,COD,2004,159581
Democratic Republic of Congo,COD,2005,161605
Democratic Republic of Congo,COD,2006,169654
Democratic Republic of Congo,COD,2007,172000
Democratic Republic of Congo,COD,2008,175000
Democratic Republic of Congo,COD,2009,177000
Democratic Republic of Congo,COD,2010,178316
Democratic Republic of Congo,COD,2011,176809
Democratic Republic of Congo,COD,2012,176913
Democratic Republic of Congo,COD,2013,177591
Democratic Republic of Congo,COD,2014,177805
Democratic Republic of Congo,COD,2015,178479
Democratic Republic of Congo,COD,2016,179580
Democratic Republic of Congo,COD,2017,180171
Democratic Republic of Congo,COD,2018,180776
Dominican Republic,DOM,1989,1000
Dominican Republic,DOM,1990,3000
Dominican Republic,DOM,1991,5000
Dominican Republic,DOM,1992,6000
Dominican Republic,DOM,1993,8000
Dominican Republic,DOM,1994,9000
Dominican Republic,DOM,1995,9000
Dominican Republic,DOM,1996,9000
Dominican Republic,DOM,1997,8935
Dominican Republic,DOM,1998,11747
Dominican Republic,DOM,1999,12553
Dominican Republic,DOM,2000,13527
Dominican Republic,DOM,2001,14507
Dominican Republic,DOM,2002,15492
Dominican Republic,DOM,2003,16481
Dominican Republic,DOM,2004,17475
Dominican Republic,DOM,2005,18475
Dominican Republic,DOM,2006,19480
Dominican Republic,DOM,2007,20490
Dominican Republic,DOM,2008,21506
Dominican Republic,DOM,2009,22526
Dominican Republic,DOM,2010,23551
Dominican Republic,DOM,2011,24582
Dominican Republic,DOM,2012,25618
Dominican Republic,DOM,2013,26660
Dominican Republic,DOM,2014,27570
Dominican Republic,DOM,2015,28528
Dominican Republic,DOM,2016,29445
Dominican Republic,DOM,2017,30434
Dominican Republic,DOM,2018,31446
Eastern Africa,,1961,1900
Eastern Africa,,1962,2800
Eastern Africa,,1963,2550
Eastern Africa,,1964,2550
Eastern Africa,,1965,2000
Eastern Africa,,1966,2000
Eastern Africa,,1967,2000
Eastern Africa,,1968,2100
Eastern Africa,,1969,2300
Eastern Africa,,1970,2400
Eastern Africa,,1971,5200
Eastern Africa,,1972,5100
Eastern Africa,,1973,5550
Eastern Africa,,1974,5450
Eastern Africa,,1975,6500
Eastern Africa,,1976,6200
Eastern Africa,,1977,6300
Eastern Africa,,1978,6700
Eastern Africa,,1979,6300
Eastern Africa,,1980,6500
Eastern Africa,,1981,6500
Eastern Africa,,1982,6750
Eastern Africa,,1983,6750
Eastern Africa,,1984,6750
Eastern Africa,,1985,6800
Eastern Africa,,1986,7000
Eastern Africa,,1987,7000
Eastern Africa,,1988,7000
Eastern Africa,,1989,7350
Eastern Africa,,1990,7400
Eastern Africa,,1991,7400
Eastern Africa,,1992,7500
Eastern Africa,,1993,7550
Eastern Africa,,1994,7450
Eastern Africa,,1995,7450
Eastern Africa,,1996,7450
Eastern Africa,,1997,7450
Eastern Africa,,1998,7550
Eastern Africa,,1999,7550
Eastern Africa,,2000,7500
Eastern Africa,,2001,7250
Eastern Africa,,2002,7400
Eastern Africa,,2003,7800
Eastern Africa,,2004,8300
Eastern Africa,,2005,9600
Eastern Africa,,2006,11800
Eastern Africa,,2007,14800
Eastern Africa,,2008,15810
Eastern Africa,,2009,15310
Eastern Africa,,2010,15020
Eastern Africa,,2011,13820
Eastern Africa,,2012,14250
Eastern Africa,,2013,14950
Eastern Africa,,2014,15599
Eastern Africa,,2015,15708
Eastern Africa,,2016,15936
Eastern Africa,,2017,16048
Eastern Africa,,2018,16081
Eastern Asia,,1985,55000
Eastern Asia,,1986,53000
Eastern Asia,,1987,50500
Eastern Asia,,1988,50500
Eastern Asia,,1989,47000
Eastern Asia,,1990,43000
Eastern Asia,,1991,41000
Eastern Asia,,1992,41000
Eastern Asia,,1993,41000
Eastern Asia,,1994,41000
Eastern Asia,,1995,41000
Eastern Asia,,1996,42000
Eastern Asia,,1997,42000
Eastern Asia,,1998,43000
Eastern Asia,,1999,43000
Eastern Asia,,2000,45000
Eastern Asia,,2001,47000
Eastern Asia,,2002,47000
Eastern Asia,,2003,47000
Eastern Asia,,2004,47000
Eastern Asia,,2005,47000
Eastern Asia,,2006,45000
Eastern Asia,,2007,48000
Eastern Asia,,2008,48000
Eastern Asia,,2009,50000
Eastern Asia,,2010,47000
Eastern Asia,,2011,48000
Eastern Asia,,2012,49000
Eastern Asia,,2013,50000
Eastern Asia,,2014,50807
Eastern Asia,,2015,50425
Eastern Asia,,2016,51063
Eastern Asia,,2017,51560
Eastern Asia,,2018,52018
Ecuador,ECU,1961,28000
Ecuador,ECU,1962,30000
Ecuador,ECU,1963,30000
Ecuador,ECU,1964,32000
Ecuador,ECU,1965,38000
Ecuador,ECU,1966,34000
Ecuador,ECU,1967,42000
Ecuador,ECU,1968,50000
Ecuador,ECU,1969,33000
Ecuador,ECU,1970,25000
Ecuador,ECU,1971,36000
Ecuador,ECU,1972,33000
Ecuador,ECU,1973,27000
Ecuador,ECU,1974,14000
Ecuador,ECU,1975,14750
Ecuador,ECU,1976,18750
Ecuador,ECU,1977,14263
Ecuador,ECU,1978,26150
Ecuador,ECU,1979,17642
Ecuador,ECU,1980,25674
Ecuador,ECU,1981,26000
Ecuador,ECU,1982,26799
Ecuador,ECU,1983,28538
Ecuador,ECU,1984,29195
Ecuador,ECU,1985,34244
Ecuador,ECU,1986,44000
Ecuador,ECU,1987,48100
Ecuador,ECU,1988,52520
Ecuador,ECU,1989,55360
Ecuador,ECU,1990,58560
Ecuador,ECU,1991,56190
Ecuador,ECU,1992,65350
Ecuador,ECU,1993,65380
Ecuador,ECU,1994,86410
Ecuador,ECU,1995,91010
Ecuador,ECU,1996,90890
Ecuador,ECU,1997,95980
Ecuador,ECU,1998,96000
Ecuador,ECU,1999,90000
Ecuador,ECU,2000,113686
Ecuador,ECU,2001,125000
Ecuador,ECU,2002,145000
Ecuador,ECU,2003,146000
Ecuador,ECU,2004,123158
Ecuador,ECU,2005,140561
Ecuador,ECU,2006,143348
Ecuador,ECU,2007,145255
Ecuador,ECU,2008,149501
Ecuador,ECU,2009,195550
Ecuador,ECU,2010,193502
Ecuador,ECU,2011,202651
Ecuador,ECU,2012,198578
Ecuador,ECU,2013,218833
Ecuador,ECU,2014,272011
Ecuador,ECU,2015,290343
Ecuador,ECU,2016,263839
Ecuador,ECU,2017,260292
Ecuador,ECU,2018,223962
Equatorial Guinea,GNQ,1961,2300
Equatorial Guinea,GNQ,1962,2400
Equatorial Guinea,GNQ,1963,2500
Equatorial Guinea,GNQ,1964,3000
Equatorial Guinea,GNQ,1965,3000
Equatorial Guinea,GNQ,1966,3000
Equatorial Guinea,GNQ,1967,3000
Equatorial Guinea,GNQ,1968,3000
Equatorial Guinea,GNQ,1969,3000
Equatorial Guinea,GNQ,1970,3000
Equatorial Guinea,GNQ,1971,3000
Equatorial Guinea,GNQ,1972,3100
Equatorial Guinea,GNQ,1973,3100
Equatorial Guinea,GNQ,1974,3100
Equatorial Guinea,GNQ,1975,3100
Equatorial Guinea,GNQ,1976,3500
Equatorial Guinea,GNQ,1977,3500
Equatorial Guinea,GNQ,1978,3500
Equatorial Guinea,GNQ,1979,3500
Equatorial Guinea,GNQ,1980,3700
Equatorial Guinea,GNQ,1981,3700
Equatorial Guinea,GNQ,1982,3700
Equatorial Guinea,GNQ,1983,3700
Equatorial Guinea,GNQ,1984,3700
Equatorial Guinea,GNQ,1985,3700
Equatorial Guinea,GNQ,1986,3700
Equatorial Guinea,GNQ,1987,3700
Equatorial Guinea,GNQ,1988,3700
Equatorial Guinea,GNQ,1989,3700
Equatorial Guinea,GNQ,1990,3700
Equatorial Guinea,GNQ,1991,3700
Equatorial Guinea,GNQ,1992,3700
Equatorial Guinea,GNQ,1993,3700
Equatorial Guinea,GNQ,1994,3600
Equatorial Guinea,GNQ,1995,3600
Equatorial Guinea,GNQ,1996,3600
Equatorial Guinea,GNQ,1997,3500
Equatorial Guinea,GNQ,1998,3400
Equatorial Guinea,GNQ,1999,3500
Equatorial Guinea,GNQ,2000,3500
Equatorial Guinea,GNQ,2001,3500
Equatorial Guinea,GNQ,2002,3500
Equatorial Guinea,GNQ,2003,3500
Equatorial Guinea,GNQ,2004,3500
Equatorial Guinea,GNQ,2005,3500
Equatorial Guinea,GNQ,2006,3500
Equatorial Guinea,GNQ,2007,3500
Equatorial Guinea,GNQ,2008,3500
Equatorial Guinea,GNQ,2009,3500
Equatorial Guinea,GNQ,2010,3500
Equatorial Guinea,GNQ,2011,3500
Equatorial Guinea,GNQ,2012,3500
Equatorial Guinea,GNQ,2013,3500
Equatorial Guinea,GNQ,2014,3515
Equatorial Guinea,GNQ,2015,3515
Equatorial Guinea,GNQ,2016,3513
Equatorial Guinea,GNQ,2017,3515
Equatorial Guinea,GNQ,2018,3516
Gabon,GAB,1961,1600
Gabon,GAB,1962,1600
Gabon,GAB,1963,1600
Gabon,GAB,1964,2100
Gabon,GAB,1965,2200
Gabon,GAB,1966,2100
Gabon,GAB,1967,2100
Gabon,GAB,1968,2100
Gabon,GAB,1969,2100
Gabon,GAB,1970,2100
Gabon,GAB,1971,2100
Gabon,GAB,1972,2100
Gabon,GAB,1973,2100
Gabon,GAB,1974,2100
Gabon,GAB,1975,2000
Gabon,GAB,1976,2000
Gabon,GAB,1977,1600
Gabon,GAB,1978,1600
Gabon,GAB,1979,1600
Gabon,GAB,1980,2000
Gabon,GAB,1981,2000
Gabon,GAB,1982,2000
Gabon,GAB,1983,2400
Gabon,GAB,1984,2500
Gabon,GAB,1985,2500
Gabon,GAB,1986,2600
Gabon,GAB,1987,2600
Gabon,GAB,1988,2600
Gabon,GAB,1989,2000
Gabon,GAB,1990,2400
Gabon,GAB,1991,3500
Gabon,GAB,1992,3500
Gabon,GAB,1993,4000
Gabon,GAB,1994,4000
Gabon,GAB,1995,4000
Gabon,GAB,1996,4000
Gabon,GAB,1997,4000
Gabon,GAB,1998,4000
Gabon,GAB,1999,4000
Gabon,GAB,2000,4000
Gabon,GAB,2001,4000
Gabon,GAB,2002,4000
Gabon,GAB,2003,4000
Gabon,GAB,2004,4000
Gabon,GAB,2005,4000
Gabon,GAB,2006,4000
Gabon,GAB,2007,4200
Gabon,GAB,2008,4200
Gabon,GAB,2009,4200
Gabon,GAB,2010,4200
Gabon,GAB,2011,4200
Gabon,GAB,2012,4200
Gabon,GAB,2013,4200
Gabon,GAB,2014,4207
Gabon,GAB,2015,4572
Gabon,GAB,2016,4674
Gabon,GAB,2017,4783
Gabon,GAB,2018,4908
Gambia,GMB,1961,2500
Gambia,GMB,1962,2500
Gambia,GMB,1963,2500
Gambia,GMB,1964,2500
Gambia,GMB,1965,3000
Gambia,GMB,1966,3000
Gambia,GMB,1967,3000
Gambia,GMB,1968,3000
Gambia,GMB,1969,3000
Gambia,GMB,1970,3000
Gambia,GMB,1971,3000
Gambia,GMB,1972,3000
Gambia,GMB,1973,3000
Gambia,GMB,1974,3500
Gambia,GMB,1975,3500
Gambia,GMB,1976,4000
Gambia,GMB,1977,4000
Gambia,GMB,1978,3500
Gambia,GMB,1979,3500
Gambia,GMB,1980,3800
Gambia,GMB,1981,3800
Gambia,GMB,1982,3500
Gambia,GMB,1983,3500
Gambia,GMB,1984,3500
Gambia,GMB,1985,3500
Gambia,GMB,1986,3500
Gambia,GMB,1987,3500
Gambia,GMB,1988,3500
Gambia,GMB,1989,3500
Gambia,GMB,1990,3500
Gambia,GMB,1991,3500
Gambia,GMB,1992,3500
Gambia,GMB,1993,3500
Gambia,GMB,1994,3500
Gambia,GMB,1995,3500
Gambia,GMB,1996,3500
Gambia,GMB,1997,3500
Gambia,GMB,1998,3500
Gambia,GMB,1999,3500
Gambia,GMB,2000,3500
Gambia,GMB,2001,3500
Gambia,GMB,2002,3500
Gambia,GMB,2003,3500
Gambia,GMB,2004,3500
Gambia,GMB,2005,3500
Gambia,GMB,2006,3500
Gambia,GMB,2007,3600
Gambia,GMB,2008,3500
Gambia,GMB,2009,3500
Gambia,GMB,2010,3500
Gambia,GMB,2011,3500
Gambia,GMB,2012,3500
Gambia,GMB,2013,3500
Gambia,GMB,2014,3507
Gambia,GMB,2015,3509
Gambia,GMB,2016,3509
Gambia,GMB,2017,3510
Gambia,GMB,2018,3510
Ghana,GHA,1961,60000
Ghana,GHA,1962,60000
Ghana,GHA,1963,60000
Ghana,GHA,1964,85000
Ghana,GHA,1965,88900
Ghana,GHA,1966,89000
Ghana,GHA,1967,90900
Ghana,GHA,1968,100000
Ghana,GHA,1969,100000
Ghana,GHA,1970,110900
Ghana,GHA,1971,110900
Ghana,GHA,1972,113300
Ghana,GHA,1973,124600
Ghana,GHA,1974,146100
Ghana,GHA,1975,143700
Ghana,GHA,1976,143300
Ghana,GHA,1977,140000
Ghana,GHA,1978,150000
Ghana,GHA,1979,169900
Ghana,GHA,1980,145700
Ghana,GHA,1981,143300
Ghana,GHA,1982,143300
Ghana,GHA,1983,143300
Ghana,GHA,1984,123000
Ghana,GHA,1985,98000
Ghana,GHA,1986,100000
Ghana,GHA,1987,100000
Ghana,GHA,1988,110000
Ghana,GHA,1989,130000
Ghana,GHA,1990,130000
Ghana,GHA,1991,130000
Ghana,GHA,1992,135000
Ghana,GHA,1993,135000
Ghana,GHA,1994,135000
Ghana,GHA,1995,140000
Ghana,GHA,1996,150000
Ghana,GHA,1997,150000
Ghana,GHA,1998,160000
Ghana,GHA,1999,160000
Ghana,GHA,2000,160000
Ghana,GHA,2001,180000
Ghana,GHA,2002,180000
Ghana,GHA,2003,240000
Ghana,GHA,2004,317600
Ghana,GHA,2005,325200
Ghana,GHA,2006,333000
Ghana,GHA,2007,299900
Ghana,GHA,2008,337800
Ghana,GHA,2009,352800
Ghana,GHA,2010,360000
Ghana,GHA,2011,354577
Ghana,GHA,2012,387000
Ghana,GHA,2013,318760
Ghana,GHA,2014,349040
Ghana,GHA,2015,349040
Ghana,GHA,2016,349040
Ghana,GHA,2017,356140
Ghana,GHA,2018,370297
Guatemala,GTM,1983,2500
Guatemala,GTM,1984,2500
Guatemala,GTM,1985,2500
Guatemala,GTM,1986,4500
Guatemala,GTM,1987,4500
Guatemala,GTM,1988,3000
Guatemala,GTM,1989,3000
Guatemala,GTM,1990,5000
Guatemala,GTM,1991,7000
Guatemala,GTM,1992,7500
Guatemala,GTM,1993,9000
Guatemala,GTM,1994,10000
Guatemala,GTM,1995,12000
Guatemala,GTM,1996,15000
Guatemala,GTM,1997,16000
Guatemala,GTM,1998,17000
Guatemala,GTM,1999,19000
Guatemala,GTM,2000,21000
Guatemala,GTM,2001,23000
Guatemala,GTM,2002,24000
Guatemala,GTM,2003,25000
Guatemala,GTM,2004,26000
Guatemala,GTM,2005,27000
Guatemala,GTM,2006,45000
Guatemala,GTM,2007,48000
Guatemala,GTM,2008,50000
Guatemala,GTM,2009,52000
Guatemala,GTM,2010,59500
Guatemala,GTM,2011,70000
Guatemala,GTM,2012,90000
Guatemala,GTM,2013,105000
Guatemala,GTM,2014,120000
Guatemala,GTM,2015,145000
Guatemala,GTM,2016,150000
Guatemala,GTM,2017,169000
Guatemala,GTM,2018,177000
Guinea,GIN,1961,225000
Guinea,GIN,1962,225000
Guinea,GIN,1963,225000
Guinea,GIN,1964,225000
Guinea,GIN,1965,225000
Guinea,GIN,1966,225000
Guinea,GIN,1967,225000
Guinea,GIN,1968,225000
Guinea,GIN,1969,225000
Guinea,GIN,1970,225000
Guinea,GIN,1971,225000
Guinea,GIN,1972,225000
Guinea,GIN,1973,225000
Guinea,GIN,1974,225000
Guinea,GIN,1975,225000
Guinea,GIN,1976,225000
Guinea,GIN,1977,225000
Guinea,GIN,1978,225000
Guinea,GIN,1979,225000
Guinea,GIN,1980,225000
Guinea,GIN,1981,225000
Guinea,GIN,1982,225000
Guinea,GIN,1983,225000
Guinea,GIN,1984,225000
Guinea,GIN,1985,225000
Guinea,GIN,1986,225000
Guinea,GIN,1987,225000
Guinea,GIN,1988,230000
Guinea,GIN,1989,240000
Guinea,GIN,1990,250000
Guinea,GIN,1991,260000
Guinea,GIN,1992,285000
Guinea,GIN,1993,295000
Guinea,GIN,1994,300000
Guinea,GIN,1995,300000
Guinea,GIN,1996,310000
Guinea,GIN,1997,310000
Guinea,GIN,1998,310000
Guinea,GIN,1999,310000
Guinea,GIN,2000,310000
Guinea,GIN,2001,310000
Guinea,GIN,2002,310000
Guinea,GIN,2003,310000
Guinea,GIN,2004,310000
Guinea,GIN,2005,310000
Guinea,GIN,2006,310000
Guinea,GIN,2007,310000
Guinea,GIN,2008,310000
Guinea,GIN,2009,310000
Guinea,GIN,2010,310000
Guinea,GIN,2011,310000
Guinea,GIN,2012,310000
Guinea,GIN,2013,310000
Guinea,GIN,2014,310710
Guinea,GIN,2015,315213
Guinea,GIN,2016,315380
Guinea,GIN,2017,315897
Guinea,GIN,2018,316415
Guinea-Bissau,GNB,1961,19500
Guinea-Bissau,GNB,1962,19500
Guinea-Bissau,GNB,1963,13000
Guinea-Bissau,GNB,1964,13000
Guinea-Bissau,GNB,1965,13000
Guinea-Bissau,GNB,1966,13000
Guinea-Bissau,GNB,1967,13000
Guinea-Bissau,GNB,1968,12000
Guinea-Bissau,GNB,1969,12500
Guinea-Bissau,GNB,1970,9500
Guinea-Bissau,GNB,1971,9500
Guinea-Bissau,GNB,1972,8500
Guinea-Bissau,GNB,1973,8500
Guinea-Bissau,GNB,1974,12000
Guinea-Bissau,GNB,1975,10000
Guinea-Bissau,GNB,1976,10000
Guinea-Bissau,GNB,1977,13000
Guinea-Bissau,GNB,1978,13000
Guinea-Bissau,GNB,1979,13000
Guinea-Bissau,GNB,1980,13000
Guinea-Bissau,GNB,1981,13000
Guinea-Bissau,GNB,1982,13000
Guinea-Bissau,GNB,1983,9000
Guinea-Bissau,GNB,1984,11000
Guinea-Bissau,GNB,1985,9000
Guinea-Bissau,GNB,1986,13000
Guinea-Bissau,GNB,1987,12000
Guinea-Bissau,GNB,1988,12000
Guinea-Bissau,GNB,1989,12000
Guinea-Bissau,GNB,1990,9000
Guinea-Bissau,GNB,1991,9000
Guinea-Bissau,GNB,1992,9000
Guinea-Bissau,GNB,1993,9000
Guinea-Bissau,GNB,1994,9000
Guinea-Bissau,GNB,1995,9000
Guinea-Bissau,GNB,1996,9000
Guinea-Bissau,GNB,1997,9500
Guinea-Bissau,GNB,1998,9500
Guinea-Bissau,GNB,1999,9500
Guinea-Bissau,GNB,2000,9500
Guinea-Bissau,GNB,2001,9500
Guinea-Bissau,GNB,2002,9500
Guinea-Bissau,GNB,2003,9500
Guinea-Bissau,GNB,2004,9500
Guinea-Bissau,GNB,2005,9500
Guinea-Bissau,GNB,2006,9500
Guinea-Bissau,GNB,2007,9500
Guinea-Bissau,GNB,2008,9500
Guinea-Bissau,GNB,2009,9500
Guinea-Bissau,GNB,2010,9500
Guinea-Bissau,GNB,2011,9500
Guinea-Bissau,GNB,2012,9500
Guinea-Bissau,GNB,2013,9500
Guinea-Bissau,GNB,2014,9529
Guinea-Bissau,GNB,2015,9595
Guinea-Bissau,GNB,2016,9604
Guinea-Bissau,GNB,2017,9617
Guinea-Bissau,GNB,2018,9630
Honduras,HND,1961,1991
Honduras,HND,1962,2019
Honduras,HND,1963,1973
Honduras,HND,1964,1943
Honduras,HND,1965,1889
Honduras,HND,1966,2074
Honduras,HND,1967,2302
Honduras,HND,1968,2555
Honduras,HND,1969,2836
Honduras,HND,1970,3148
Honduras,HND,1971,3317
Honduras,HND,1972,3876
Honduras,HND,1973,5436
Honduras,HND,1974,5962
Honduras,HND,1975,7671
Honduras,HND,1976,7710
Honduras,HND,1977,13255
Honduras,HND,1978,15298
Honduras,HND,1979,18557
Honduras,HND,1980,17787
Honduras,HND,1981,20234
Honduras,HND,1982,20386
Honduras,HND,1983,20520
Honduras,HND,1984,20523
Honduras,HND,1985,22327
Honduras,HND,1986,23112
Honduras,HND,1987,20301
Honduras,HND,1988,22618
Honduras,HND,1989,23788
Honduras,HND,1990,24569
Honduras,HND,1991,26734
Honduras,HND,1992,30133
Honduras,HND,1993,20528
Honduras,HND,1994,31000
Honduras,HND,1995,31000
Honduras,HND,1996,31000
Honduras,HND,1997,32000
Honduras,HND,1998,33000
Honduras,HND,1999,33000
Honduras,HND,2000,34000
Honduras,HND,2001,51000
Honduras,HND,2002,56000
Honduras,HND,2003,61000
Honduras,HND,2004,69000
Honduras,HND,2005,75000
Honduras,HND,2006,80000
Honduras,HND,2007,86000
Honduras,HND,2008,93000
Honduras,HND,2009,100000
Honduras,HND,2010,105000
Honduras,HND,2011,110000
Honduras,HND,2012,117000
Honduras,HND,2013,125000
Honduras,HND,2014,130000
Honduras,HND,2015,155000
Honduras,HND,2016,175000
Honduras,HND,2017,180000
Honduras,HND,2018,190000
Indonesia,IDN,1961,70000
Indonesia,IDN,1962,70000
Indonesia,IDN,1963,75000
Indonesia,IDN,1964,80000
Indonesia,IDN,1965,80000
Indonesia,IDN,1966,85000
Indonesia,IDN,1967,85000
Indonesia,IDN,1968,90000
Indonesia,IDN,1969,90000
Indonesia,IDN,1970,100000
Indonesia,IDN,1971,95000
Indonesia,IDN,1972,100000
Indonesia,IDN,1973,100000
Indonesia,IDN,1974,110000
Indonesia,IDN,1975,142000
Indonesia,IDN,1976,130000
Indonesia,IDN,1977,140000
Indonesia,IDN,1978,180000
Indonesia,IDN,1979,200000
Indonesia,IDN,1980,204000
Indonesia,IDN,1981,230000
Indonesia,IDN,1982,239700
Indonesia,IDN,1983,255300
Indonesia,IDN,1984,296300
Indonesia,IDN,1985,348700
Indonesia,IDN,1986,374100
Indonesia,IDN,1987,421600
Indonesia,IDN,1988,535000
Indonesia,IDN,1989,590000
Indonesia,IDN,1990,673033
Indonesia,IDN,1991,772245
Indonesia,IDN,1992,875100
Indonesia,IDN,1993,921000
Indonesia,IDN,1994,1045000
Indonesia,IDN,1995,1190000
Indonesia,IDN,1996,1428350
Indonesia,IDN,1997,1622503
Indonesia,IDN,1998,1795081
Indonesia,IDN,1999,1847000
Indonesia,IDN,2000,2014000
Indonesia,IDN,2001,2200000
Indonesia,IDN,2002,2790000
Indonesia,IDN,2003,3040000
Indonesia,IDN,2004,3320000
Indonesia,IDN,2005,3690000
Indonesia,IDN,2006,4110000
Indonesia,IDN,2007,4560000
Indonesia,IDN,2008,4980000
Indonesia,IDN,2009,5370000
Indonesia,IDN,2010,5780000
Indonesia,IDN,2011,6170000
Indonesia,IDN,2012,6650000
Indonesia,IDN,2013,7080000
Indonesia,IDN,2014,8150000
Indonesia,IDN,2015,8630000
Indonesia,IDN,2016,6781064
Indonesia,IDN,2017,6720770
Indonesia,IDN,2018,6777498
Land Locked Developing Countries,,1961,11500
Land Locked Developing Countries,,1962,11700
Land Locked Developing Countries,,1963,11700
Land Locked Developing Countries,,1964,14300
Land Locked Developing Countries,,1965,16600
Land Locked Developing Countries,,1966,21800
Land Locked Developing Countries,,1967,18800
Land Locked Developing Countries,,1968,21400
Land Locked Developing Countries,,1969,22500
Land Locked Developing Countries,,1970,26000
Land Locked Developing Countries,,1971,31700
Land Locked Developing Countries,,1972,29400
Land Locked Developing Countries,,1973,23300
Land Locked Developing Countries,,1974,29000
Land Locked Developing Countries,,1975,26000
Land Locked Developing Countries,,1976,26700
Land Locked Developing Countries,,1977,30900
Land Locked Developing Countries,,1978,21400
Land Locked Developing Countries,,1979,27600
Land Locked Developing Countries,,1980,27700
Land Locked Developing Countries,,1981,22200
Land Locked Developing Countries,,1982,35200
Land Locked Developing Countries,,1983,21200
Land Locked Developing Countries,,1984,30200
Land Locked Developing Countries,,1985,29250
Land Locked Developing Countries,,1986,29250
Land Locked Developing Countries,,1987,26850
Land Locked Developing Countries,,1988,26850
Land Locked Developing Countries,,1989,26850
Land Locked Developing Countries,,1990,26850
Land Locked Developing Countries,,1991,26850
Land Locked Developing Countries,,1992,25850
Land Locked Developing Countries,,1993,24950
Land Locked Developing Countries,,1994,24950
Land Locked Developing Countries,,1995,17250
Land Locked Developing Countries,,1996,17250
Land Locked Developing Countries,,1997,17250
Land Locked Developing Countries,,1998,17250
Land Locked Developing Countries,,1999,18750
Land Locked Developing Countries,,2000,18200
Land Locked Developing Countries,,2001,17950
Land Locked Developing Countries,,2002,18100
Land Locked Developing Countries,,2003,18500
Land Locked Developing Countries,,2004,18800
Land Locked Developing Countries,,2005,19930
Land Locked Developing Countries,,2006,21630
Land Locked Developing Countries,,2007,26000
Land Locked Developing Countries,,2008,26400
Land Locked Developing Countries,,2009,26220
Land Locked Developing Countries,,2010,25025
Land Locked Developing Countries,,2011,23630
Land Locked Developing Countries,,2012,23830
Land Locked Developing Countries,,2013,24550
Land Locked Developing Countries,,2014,25224
Land Locked Developing Countries,,2015,25067
Land Locked Developing Countries,,2016,25302
Land Locked Developing Countries,,2017,25385
Land Locked Developing Countries,,2018,25419
Least Developed Countries,,1961,596125
Least Developed Countries,,1962,590525
Least Developed Countries,,1963,569655
Least Developed Countries,,1964,552655
Least Developed Countries,,1965,504105
Least Developed Countries,,1966,509305
Least Developed Countries,,1967,536225
Least Developed Countries,,1968,584205
Least Developed Countries,,1969,591160
Least Developed Countries,,1970,578510
Least Developed Countries,,1971,577690
Least Developed Countries,,1972,566740
Least Developed Countries,,1973,555260
Least Developed Countries,,1974,553670
Least Developed Countries,,1975,553050
Least Developed Countries,,1976,544659
Least Developed Countries,,1977,541964
Least Developed Countries,,1978,539894
Least Developed Countries,,1979,553636
Least Developed Countries,,1980,559035
Least Developed Countries,,1981,562355
Least Developed Countries,,1982,568882
Least Developed Countries,,1983,569252
Least Developed Countries,,1984,576350
Least Developed Countries,,1985,572366
Least Developed Countries,,1986,580938
Least Developed Countries,,1987,586060
Least Developed Countries,,1988,594202
Least Developed Countries,,1989,602986
Least Developed Countries,,1990,613219
Least Developed Countries,,1991,638716
Least Developed Countries,,1992,663792
Least Developed Countries,,1993,673519
Least Developed Countries,,1994,679865
Least Developed Countries,,1995,686241
Least Developed Countries,,1996,699568
Least Developed Countries,,1997,683494
Least Developed Countries,,1998,669671
Least Developed Countries,,1999,657348
Least Developed Countries,,2000,659925
Least Developed Countries,,2001,637102
Least Developed Countries,,2002,627279
Least Developed Countries,,2003,621956
Least Developed Countries,,2004,625144
Least Developed Countries,,2005,630154
Least Developed Countries,,2006,639790
Least Developed Countries,,2007,645924
Least Developed Countries,,2008,654974
Least Developed Countries,,2009,660334
Least Developed Countries,,2010,665877
Least Developed Countries,,2011,667018
Least Developed Countries,,2012,673078
Least Developed Countries,,2013,679815
Least Developed Countries,,2014,683434
Least Developed Countries,,2015,689756
Least Developed Countries,,2016,692062
Least Developed Countries,,2017,695129
Least Developed Countries,,2018,697870
Liberia,LBR,1961,10000
Liberia,LBR,1962,11000
Liberia,LBR,1963,12000
Liberia,LBR,1964,13000
Liberia,LBR,1965,13500
Liberia,LBR,1966,14000
Liberia,LBR,1967,14000
Liberia,LBR,1968,14000
Liberia,LBR,1969,12500
Liberia,LBR,1970,13000
Liberia,LBR,1971,18000
Liberia,LBR,1972,15000
Liberia,LBR,1973,14000
Liberia,LBR,1974,17000
Liberia,LBR,1975,18000
Liberia,LBR,1976,17000
Liberia,LBR,1977,14000
Liberia,LBR,1978,12500
Liberia,LBR,1979,11000
Liberia,LBR,1980,11000
Liberia,LBR,1981,10000
Liberia,LBR,1982,11000
Liberia,LBR,1983,11000
Liberia,LBR,1984,11500
Liberia,LBR,1985,11500
Liberia,LBR,1986,10000
Liberia,LBR,1987,9500
Liberia,LBR,1988,9000
Liberia,LBR,1989,8500
Liberia,LBR,1990,8000
Liberia,LBR,1991,11900
Liberia,LBR,1992,11900
Liberia,LBR,1993,11900
Liberia,LBR,1994,11900
Liberia,LBR,1995,11900
Liberia,LBR,1996,11900
Liberia,LBR,1997,16200
Liberia,LBR,1998,16200
Liberia,LBR,1999,16200
Liberia,LBR,2000,16200
Liberia,LBR,2001,16200
Liberia,LBR,2002,16200
Liberia,LBR,2003,16200
Liberia,LBR,2004,16200
Liberia,LBR,2005,17000
Liberia,LBR,2006,17000
Liberia,LBR,2007,17000
Liberia,LBR,2008,17000
Liberia,LBR,2009,17000
Liberia,LBR,2010,17000
Liberia,LBR,2011,17000
Liberia,LBR,2012,17000
Liberia,LBR,2013,17000
Liberia,LBR,2014,17436
Liberia,LBR,2015,17836
Liberia,LBR,2016,17777
Liberia,LBR,2017,17866
Liberia,LBR,2018,17955
Low Income Food Deficit Countries,,1961,719125
Low Income Food Deficit Countries,,1962,711525
Low Income Food Deficit Countries,,1963,700655
Low Income Food Deficit Countries,,1964,706655
Low Income Food Deficit Countries,,1965,671505
Low Income Food Deficit Countries,,1966,662305
Low Income Food Deficit Countries,,1967,702125
Low Income Food Deficit Countries,,1968,762255
Low Income Food Deficit Countries,,1969,762710
Low Income Food Deficit Countries,,1970,756960
Low Income Food Deficit Countries,,1971,758140
Low Income Food Deficit Countries,,1972,751400
Low Income Food Deficit Countries,,1973,761998
Low Income Food Deficit Countries,,1974,789672
Low Income Food Deficit Countries,,1975,794437
Low Income Food Deficit Countries,,1976,781052
Low Income Food Deficit Countries,,1977,779421
Low Income Food Deficit Countries,,1978,792356
Low Income Food Deficit Countries,,1979,830659
Low Income Food Deficit Countries,,1980,824969
Low Income Food Deficit Countries,,1981,821906
Low Income Food Deficit Countries,,1982,836908
Low Income Food Deficit Countries,,1983,825604
Low Income Food Deficit Countries,,1984,824251
Low Income Food Deficit Countries,,1985,797104
Low Income Food Deficit Countries,,1986,807371
Low Income Food Deficit Countries,,1987,809932
Low Income Food Deficit Countries,,1988,840587
Low Income Food Deficit Countries,,1989,879209
Low Income Food Deficit Countries,,1990,903121
Low Income Food Deficit Countries,,1991,925930
Low Income Food Deficit Countries,,1992,959645
Low Income Food Deficit Countries,,1993,964573
Low Income Food Deficit Countries,,1994,971906
Low Income Food Deficit Countries,,1995,983691
Low Income Food Deficit Countries,,1996,1007150
Low Income Food Deficit Countries,,1997,993250
Low Income Food Deficit Countries,,1998,1001600
Low Income Food Deficit Countries,,1999,1004032
Low Income Food Deficit Countries,,2000,1007875
Low Income Food Deficit Countries,,2001,1008515
Low Income Food Deficit Countries,,2002,1012397
Low Income Food Deficit Countries,,2003,1063729
Low Income Food Deficit Countries,,2004,1176812
Low Income Food Deficit Countries,,2005,1196861
Low Income Food Deficit Countries,,2006,1240687
Low Income Food Deficit Countries,,2007,1199063
Low Income Food Deficit Countries,,2008,1263312
Low Income Food Deficit Countries,,2009,1337539
Low Income Food Deficit Countries,,2010,1376611
Low Income Food Deficit Countries,,2011,1386576
Low Income Food Deficit Countries,,2012,1433463
Low Income Food Deficit Countries,,2013,1382951
Low Income Food Deficit Countries,,2014,1416680
Low Income Food Deficit Countries,,2015,1440039
Low Income Food Deficit Countries,,2016,1479127
Low Income Food Deficit Countries,,2017,1527938
Low Income Food Deficit Countries,,2018,1532421
Madagascar,MDG,1973,250
Madagascar,MDG,1974,450
Madagascar,MDG,1975,1300
Madagascar,MDG,1976,1000
Madagascar,MDG,1977,1100
Madagascar,MDG,1978,1100
Madagascar,MDG,1979,1100
Madagascar,MDG,1980,1200
Madagascar,MDG,1981,1200
Madagascar,MDG,1982,1450
Madagascar,MDG,1983,1450
Madagascar,MDG,1984,1450
Madagascar,MDG,1985,1450
Madagascar,MDG,1986,1600
Madagascar,MDG,1987,1600
Madagascar,MDG,1988,1600
Madagascar,MDG,1989,1950
Madagascar,MDG,1990,1950
Madagascar,MDG,1991,1950
Madagascar,MDG,1992,1950
Madagascar,MDG,1993,2000
Madagascar,MDG,1994,1800
Madagascar,MDG,1995,1800
Madagascar,MDG,1996,1800
Madagascar,MDG,1997,1800
Madagascar,MDG,1998,1800
Madagascar,MDG,1999,1800
Madagascar,MDG,2000,1800
Madagascar,MDG,2001,1800
Madagascar,MDG,2002,1800
Madagascar,MDG,2003,1800
Madagascar,MDG,2004,1800
Madagascar,MDG,2005,1800
Madagascar,MDG,2006,1800
Madagascar,MDG,2007,1800
Madagascar,MDG,2008,1810
Madagascar,MDG,2009,1810
Madagascar,MDG,2010,1820
Madagascar,MDG,2011,1820
Madagascar,MDG,2012,1850
Madagascar,MDG,2013,1850
Madagascar,MDG,2014,1809
Madagascar,MDG,2015,1808
Madagascar,MDG,2016,1814
Madagascar,MDG,2017,1813
Madagascar,MDG,2018,1813
Malaysia,MYS,1961,43302
Malaysia,MYS,1962,46175
Malaysia,MYS,1963,49073
Malaysia,MYS,1964,52900
Malaysia,MYS,1965,59000
Malaysia,MYS,1966,67400
Malaysia,MYS,1967,78500
Malaysia,MYS,1968,99100
Malaysia,MYS,1969,125400
Malaysia,MYS,1970,149900
Malaysia,MYS,1971,184000
Malaysia,MYS,1972,235100
Malaysia,MYS,1973,278300
Malaysia,MYS,1974,329800
Malaysia,MYS,1975,385666
Malaysia,MYS,1976,454009
Malaysia,MYS,1977,521486
Malaysia,MYS,1978,603087
Malaysia,MYS,1979,670299
Malaysia,MYS,1980,777388
Malaysia,MYS,1981,848143
Malaysia,MYS,1982,888619
Malaysia,MYS,1983,1010879
Malaysia,MYS,1984,1072451
Malaysia,MYS,1985,1201010
Malaysia,MYS,1986,1360579
Malaysia,MYS,1987,1373147
Malaysia,MYS,1988,1530905
Malaysia,MYS,1989,1672096
Malaysia,MYS,1990,1746054
Malaysia,MYS,1991,2094028
Malaysia,MYS,1992,2197660
Malaysia,MYS,1993,2305925
Malaysia,MYS,1994,2411999
Malaysia,MYS,1995,2540087
Malaysia,MYS,1996,2692286
Malaysia,MYS,1997,2893089
Malaysia,MYS,1998,3078116
Malaysia,MYS,1999,3313393
Malaysia,MYS,2000,3376664
Malaysia,MYS,2001,3499012
Malaysia,MYS,2002,3670243
Malaysia,MYS,2003,3802040
Malaysia,MYS,2004,3875327
Malaysia,MYS,2005,4051374
Malaysia,MYS,2006,4165215
Malaysia,MYS,2007,4304913
Malaysia,MYS,2008,4487957
Malaysia,MYS,2009,4691160
Malaysia,MYS,2010,4853766
Malaysia,MYS,2011,5000109
Malaysia,MYS,2012,5076929
Malaysia,MYS,2013,5229739
Malaysia,MYS,2014,4689321
Malaysia,MYS,2015,4859397
Malaysia,MYS,2016,5001438
Malaysia,MYS,2017,5110713
Malaysia,MYS,2018,5235581
Melanesia,OWID_MNS,1961,55
Melanesia,OWID_MNS,1962,55
Melanesia,OWID_MNS,1963,55
Melanesia,OWID_MNS,1964,55
Melanesia,OWID_MNS,1965,55
Melanesia,OWID_MNS,1966,55
Melanesia,OWID_MNS,1967,55
Melanesia,OWID_MNS,1968,55
Melanesia,OWID_MNS,1969,110
Melanesia,OWID_MNS,1970,110
Melanesia,OWID_MNS,1971,440
Melanesia,OWID_MNS,1972,1640
Melanesia,OWID_MNS,1973,3140
Melanesia,OWID_MNS,1974,3270
Melanesia,OWID_MNS,1975,7200
Melanesia,OWID_MNS,1976,10519
Melanesia,OWID_MNS,1977,11964
Melanesia,OWID_MNS,1978,12494
Melanesia,OWID_MNS,1979,14286
Melanesia,OWID_MNS,1980,14335
Melanesia,OWID_MNS,1981,18835
Melanesia,OWID_MNS,1982,28332
Melanesia,OWID_MNS,1983,29332
Melanesia,OWID_MNS,1984,41530
Melanesia,OWID_MNS,1985,42296
Melanesia,OWID_MNS,1986,44918
Melanesia,OWID_MNS,1987,45590
Melanesia,OWID_MNS,1988,38809
Melanesia,OWID_MNS,1989,45486
Melanesia,OWID_MNS,1990,51019
Melanesia,OWID_MNS,1991,52000
Melanesia,OWID_MNS,1992,58000
Melanesia,OWID_MNS,1993,63000
Melanesia,OWID_MNS,1994,67000
Melanesia,OWID_MNS,1995,70000
Melanesia,OWID_MNS,1996,70000
Melanesia,OWID_MNS,1997,71000
Melanesia,OWID_MNS,1998,72000
Melanesia,OWID_MNS,1999,76000
Melanesia,OWID_MNS,2000,81000
Melanesia,OWID_MNS,2001,84000
Melanesia,OWID_MNS,2002,88000
Melanesia,OWID_MNS,2003,92000
Melanesia,OWID_MNS,2004,94000
Melanesia,OWID_MNS,2005,97000
Melanesia,OWID_MNS,2006,102000
Melanesia,OWID_MNS,2007,106000
Melanesia,OWID_MNS,2008,128000
Melanesia,OWID_MNS,2009,131000
Melanesia,OWID_MNS,2010,148000
Melanesia,OWID_MNS,2011,157000
Melanesia,OWID_MNS,2012,161000
Melanesia,OWID_MNS,2013,166000
Melanesia,OWID_MNS,2014,172594
Melanesia,OWID_MNS,2015,181136
Melanesia,OWID_MNS,2016,189151
Melanesia,OWID_MNS,2017,196583
Melanesia,OWID_MNS,2018,204084
Mexico,MEX,1961,19419
Mexico,MEX,1962,22193
Mexico,MEX,1963,19729
Mexico,MEX,1964,20927
Mexico,MEX,1965,20941
Mexico,MEX,1966,20971
Mexico,MEX,1967,18668
Mexico,MEX,1968,20514
Mexico,MEX,1969,17496
Mexico,MEX,1970,13188
Mexico,MEX,1971,10916
Mexico,MEX,1972,12780
Mexico,MEX,1973,13371
Mexico,MEX,1974,13755
Mexico,MEX,1975,7737
Mexico,MEX,1976,12276
Mexico,MEX,1977,6243
Mexico,MEX,1978,4068
Mexico,MEX,1979,3620
Mexico,MEX,1980,4560
Mexico,MEX,1981,2500
Mexico,MEX,1982,2000
Mexico,MEX,1983,875
Mexico,MEX,1984,1000
Mexico,MEX,1985,970
Mexico,MEX,1986,970
Mexico,MEX,1987,970
Mexico,MEX,1988,780
Mexico,MEX,1989,1000
Mexico,MEX,1990,1745
Mexico,MEX,1991,1150
Mexico,MEX,1992,1150
Mexico,MEX,1993,2683
Mexico,MEX,1994,1950
Mexico,MEX,1995,3076
Mexico,MEX,1996,2748
Mexico,MEX,1997,2748
Mexico,MEX,1998,5000
Mexico,MEX,1999,6000
Mexico,MEX,2000,9000
Mexico,MEX,2001,12000
Mexico,MEX,2002,14000
Mexico,MEX,2003,13558
Mexico,MEX,2004,17836
Mexico,MEX,2005,18376
Mexico,MEX,2006,22033
Mexico,MEX,2007,23804
Mexico,MEX,2008,25918
Mexico,MEX,2009,28239
Mexico,MEX,2010,31804
Mexico,MEX,2011,32701
Mexico,MEX,2012,34249
Mexico,MEX,2013,46094
Mexico,MEX,2014,50868
Mexico,MEX,2015,54601
Mexico,MEX,2016,58609
Mexico,MEX,2017,65805
Mexico,MEX,2018,72841
Middle Africa,,1961,298570
Middle Africa,,1962,288670
Middle Africa,,1963,282650
Middle Africa,,1964,264650
Middle Africa,,1965,221250
Middle Africa,,1966,212350
Middle Africa,,1967,251270
Middle Africa,,1968,302150
Middle Africa,,1969,306350
Middle Africa,,1970,290100
Middle Africa,,1971,277950
Middle Africa,,1972,272200
Middle Africa,,1973,262653
Middle Africa,,1974,254850
Middle Africa,,1975,258650
Middle Africa,,1976,242140
Middle Africa,,1977,238500
Middle Africa,,1978,240500
Middle Africa,,1979,257750
Middle Africa,,1980,268200
Middle Africa,,1981,264520
Middle Africa,,1982,275000
Middle Africa,,1983,275270
Middle Africa,,1984,291770
Middle Africa,,1985,295470
Middle Africa,,1986,301320
Middle Africa,,1987,307270
Middle Africa,,1988,312193
Middle Africa,,1989,327850
Middle Africa,,1990,329400
Middle Africa,,1991,329530
Middle Africa,,1992,330780
Middle Africa,,1993,326480
Middle Africa,,1994,328250
Middle Africa,,1995,329500
Middle Africa,,1996,332300
Middle Africa,,1997,313600
Middle Africa,,1998,303950
Middle Africa,,1999,297300
Middle Africa,,2000,298875
Middle Africa,,2001,278000
Middle Africa,,2002,269000
Middle Africa,,2003,259750
Middle Africa,,2004,260181
Middle Africa,,2005,275405
Middle Africa,,2006,287554
Middle Africa,,2007,290757
Middle Africa,,2008,298602
Middle Africa,,2009,323879
Middle Africa,,2010,335041
Middle Africa,,2011,342879
Middle Africa,,2012,349413
Middle Africa,,2013,357241
Middle Africa,,2014,357563
Middle Africa,,2015,372196
Middle Africa,,2016,364181
Middle Africa,,2017,368153
Middle Africa,,2018,372793
Net Food Importing Developing Countries,,1961,644716
Net Food Importing Developing Countries,,1962,639144
Net Food Importing Developing Countries,,1963,618228
Net Food Importing Developing Countries,,1964,601698
Net Food Importing Developing Countries,,1965,553194
Net Food Importing Developing Countries,,1966,558479
Net Food Importing Developing Countries,,1967,585627
Net Food Importing Developing Countries,,1968,633860
Net Food Importing Developing Countries,,1969,641096
Net Food Importing Developing Countries,,1970,628789
Net Food Importing Developing Countries,,1971,633333
Net Food Importing Developing Countries,,1972,623532
Net Food Importing Developing Countries,,1973,622657
Net Food Importing Developing Countries,,1974,628240
Net Food Importing Developing Countries,,1975,633456
Net Food Importing Developing Countries,,1976,627329
Net Food Importing Developing Countries,,1977,632587
Net Food Importing Developing Countries,,1978,635865
Net Food Importing Developing Countries,,1979,656239
Net Food Importing Developing Countries,,1980,672156
Net Food Importing Developing Countries,,1981,680440
Net Food Importing Developing Countries,,1982,691294
Net Food Importing Developing Countries,,1983,689124
Net Food Importing Developing Countries,,1984,695774
Net Food Importing Developing Countries,,1985,693654
Net Food Importing Developing Countries,,1986,709715
Net Food Importing Developing Countries,,1987,709542
Net Food Importing Developing Countries,,1988,729716
Net Food Importing Developing Countries,,1989,741285
Net Food Importing Developing Countries,,1990,766040
Net Food Importing Developing Countries,,1991,811868
Net Food Importing Developing Countries,,1992,853258
Net Food Importing Developing Countries,,1993,857600
Net Food Importing Developing Countries,,1994,879444
Net Food Importing Developing Countries,,1995,887869
Net Food Importing Developing Countries,,1996,909978
Net Food Importing Developing Countries,,1997,898132
Net Food Importing Developing Countries,,1998,900055
Net Food Importing Developing Countries,,1999,897789
Net Food Importing Developing Countries,,2000,905153
Net Food Importing Developing Countries,,2001,906479
Net Food Importing Developing Countries,,2002,913746
Net Food Importing Developing Countries,,2003,909204
Net Food Importing Developing Countries,,2004,952759
Net Food Importing Developing Countries,,2005,961423
Net Food Importing Developing Countries,,2006,998661
Net Food Importing Developing Countries,,2007,998928
Net Food Importing Developing Countries,,2008,1033775
Net Food Importing Developing Countries,,2009,1080261
Net Food Importing Developing Countries,,2010,1110250
Net Food Importing Developing Countries,,2011,1140418
Net Food Importing Developing Countries,,2012,1158831
Net Food Importing Developing Countries,,2013,1188731
Net Food Importing Developing Countries,,2014,1192374
Net Food Importing Developing Countries,,2015,1234628
Net Food Importing Developing Countries,,2016,1306499
Net Food Importing Developing Countries,,2017,1359214
Net Food Importing Developing Countries,,2018,1374844
Nicaragua,NIC,1968,1050
Nicaragua,NIC,1969,1050
Nicaragua,NIC,1970,1050
Nicaragua,NIC,1971,1050
Nicaragua,NIC,1972,1050
Nicaragua,NIC,1973,1400
Nicaragua,NIC,1974,1400
Nicaragua,NIC,1975,1400
Nicaragua,NIC,1976,1400
Nicaragua,NIC,1977,1400
Nicaragua,NIC,1978,2100
Nicaragua,NIC,1979,2100
Nicaragua,NIC,1980,2100
Nicaragua,NIC,1981,2100
Nicaragua,NIC,1982,2100
Nicaragua,NIC,1983,2200
Nicaragua,NIC,1984,2300
Nicaragua,NIC,1985,2300
Nicaragua,NIC,1986,2400
Nicaragua,NIC,1987,2500
Nicaragua,NIC,1988,2500
Nicaragua,NIC,1989,2600
Nicaragua,NIC,1990,2700
Nicaragua,NIC,1991,2800
Nicaragua,NIC,1992,2000
Nicaragua,NIC,1993,2000
Nicaragua,NIC,1994,2000
Nicaragua,NIC,1995,2000
Nicaragua,NIC,1996,2000
Nicaragua,NIC,1997,2000
Nicaragua,NIC,1998,2000
Nicaragua,NIC,1999,2000
Nicaragua,NIC,2000,2000
Nicaragua,NIC,2001,2000
Nicaragua,NIC,2002,2000
Nicaragua,NIC,2003,2200
Nicaragua,NIC,2004,2500
Nicaragua,NIC,2005,2500
Nicaragua,NIC,2006,2500
Nicaragua,NIC,2007,3000
Nicaragua,NIC,2008,3000
Nicaragua,NIC,2009,3000
Nicaragua,NIC,2010,4000
Nicaragua,NIC,2011,4000
Nicaragua,NIC,2012,4000
Nicaragua,NIC,2013,5000
Nicaragua,NIC,2014,5000
Nicaragua,NIC,2015,5000
Nicaragua,NIC,2016,6000
Nicaragua,NIC,2017,7430
Nicaragua,NIC,2018,5108
Nigeria,NGA,1961,2700000
Nigeria,NGA,1962,2500000
Nigeria,NGA,1963,2600000
Nigeria,NGA,1964,2600000
Nigeria,NGA,1965,2700000
Nigeria,NGA,1966,2600000
Nigeria,NGA,1967,2100000
Nigeria,NGA,1968,2100000
Nigeria,NGA,1969,2200000
Nigeria,NGA,1970,2150000
Nigeria,NGA,1971,2150000
Nigeria,NGA,1972,2000000
Nigeria,NGA,1973,2000000
Nigeria,NGA,1974,2150000
Nigeria,NGA,1975,2100000
Nigeria,NGA,1976,2100000
Nigeria,NGA,1977,2150000
Nigeria,NGA,1978,2000000
Nigeria,NGA,1979,2300000
Nigeria,NGA,1980,2300000
Nigeria,NGA,1981,2000000
Nigeria,NGA,1982,2000000
Nigeria,NGA,1983,1900000
Nigeria,NGA,1984,2200000
Nigeria,NGA,1985,2200000
Nigeria,NGA,1986,2220000
Nigeria,NGA,1987,2300000
Nigeria,NGA,1988,2250000
Nigeria,NGA,1989,2260000
Nigeria,NGA,1990,2300000
Nigeria,NGA,1991,2450000
Nigeria,NGA,1992,2550000
Nigeria,NGA,1993,2700000
Nigeria,NGA,1994,2750000
Nigeria,NGA,1995,2938000
Nigeria,NGA,1996,2950000
Nigeria,NGA,1997,2950000
Nigeria,NGA,1998,2950000
Nigeria,NGA,1999,3000000
Nigeria,NGA,2000,3080000
Nigeria,NGA,2001,3180000
Nigeria,NGA,2002,3180000
Nigeria,NGA,2003,3300000
Nigeria,NGA,2004,3320000
Nigeria,NGA,2005,3350000
Nigeria,NGA,2006,3075000
Nigeria,NGA,2007,3150000
Nigeria,NGA,2008,3200000
Nigeria,NGA,2009,3200000
Nigeria,NGA,2010,3200000
Nigeria,NGA,2011,3200000
Nigeria,NGA,2012,3250000
Nigeria,NGA,2013,3000000
Nigeria,NGA,2014,3029872
Nigeria,NGA,2015,3072094
Nigeria,NGA,2016,3052166
Nigeria,NGA,2017,3033892
Nigeria,NGA,2018,3015530
Oceania,,1961,55
Oceania,,1962,55
Oceania,,1963,55
Oceania,,1964,55
Oceania,,1965,55
Oceania,,1966,55
Oceania,,1967,55
Oceania,,1968,55
Oceania,,1969,110
Oceania,,1970,110
Oceania,,1971,440
Oceania,,1972,1640
Oceania,,1973,3140
Oceania,,1974,3270
Oceania,,1975,7200
Oceania,,1976,10519
Oceania,,1977,11964
Oceania,,1978,12494
Oceania,,1979,14286
Oceania,,1980,14335
Oceania,,1981,18835
Oceania,,1982,28332
Oceania,,1983,29332
Oceania,,1984,41530
Oceania,,1985,42296
Oceania,,1986,44918
Oceania,,1987,45590
Oceania,,1988,38809
Oceania,,1989,45486
Oceania,,1990,51019
Oceania,,1991,52000
Oceania,,1992,58000
Oceania,,1993,63000
Oceania,,1994,67000
Oceania,,1995,70000
Oceania,,1996,70000
Oceania,,1997,71000
Oceania,,1998,72000
Oceania,,1999,76000
Oceania,,2000,81000
Oceania,,2001,84000
Oceania,,2002,88000
Oceania,,2003,92000
Oceania,,2004,94000
Oceania,,2005,97000
Oceania,,2006,102000
Oceania,,2007,106000
Oceania,,2008,128000
Oceania,,2009,131000
Oceania,,2010,148000
Oceania,,2011,157000
Oceania,,2012,161000
Oceania,,2013,166000
Oceania,,2014,172594
Oceania,,2015,181136
Oceania,,2016,189151
Oceania,,2017,196583
Oceania,,2018,204084
Panama,PAN,1997,2450
Panama,PAN,1998,4900
Panama,PAN,1999,5500
Panama,PAN,2000,5600
Panama,PAN,2001,5800
Panama,PAN,2002,5700
Panama,PAN,2003,5800
Panama,PAN,2004,6400
Panama,PAN,2005,6700
Panama,PAN,2006,6800
Panama,PAN,2007,7550
Panama,PAN,2008,6300
Panama,PAN,2009,7650
Panama,PAN,2010,6050
Panama,PAN,2011,5150
Panama,PAN,2012,5300
Panama,PAN,2013,5400
Panama,PAN,2014,5320
Panama,PAN,2015,4891
Panama,PAN,2016,4704
Panama,PAN,2017,4057
Panama,PAN,2018,4558
Papua New Guinea,PNG,1971,300
Papua New Guinea,PNG,1972,1500
Papua New Guinea,PNG,1973,3000
Papua New Guinea,PNG,1974,3000
Papua New Guinea,PNG,1975,6500
Papua New Guinea,PNG,1976,9500
Papua New Guinea,PNG,1977,9500
Papua New Guinea,PNG,1978,9500
Papua New Guinea,PNG,1979,11000
Papua New Guinea,PNG,1980,11000
Papua New Guinea,PNG,1981,15500
Papua New Guinea,PNG,1982,25000
Papua New Guinea,PNG,1983,26000
Papua New Guinea,PNG,1984,38000
Papua New Guinea,PNG,1985,38500
Papua New Guinea,PNG,1986,41000
Papua New Guinea,PNG,1987,41000
Papua New Guinea,PNG,1988,34500
Papua New Guinea,PNG,1989,41500
Papua New Guinea,PNG,1990,45500
Papua New Guinea,PNG,1991,45000
Papua New Guinea,PNG,1992,50000
Papua New Guinea,PNG,1993,55000
Papua New Guinea,PNG,1994,59000
Papua New Guinea,PNG,1995,62000
Papua New Guinea,PNG,1996,62000
Papua New Guinea,PNG,1997,63000
Papua New Guinea,PNG,1998,64000
Papua New Guinea,PNG,1999,68000
Papua New Guinea,PNG,2000,72000
Papua New Guinea,PNG,2001,75000
Papua New Guinea,PNG,2002,79000
Papua New Guinea,PNG,2003,83000
Papua New Guinea,PNG,2004,85000
Papua New Guinea,PNG,2005,88000
Papua New Guinea,PNG,2006,92000
Papua New Guinea,PNG,2007,96000
Papua New Guinea,PNG,2008,117000
Papua New Guinea,PNG,2009,119000
Papua New Guinea,PNG,2010,135000
Papua New Guinea,PNG,2011,143000
Papua New Guinea,PNG,2012,146000
Papua New Guinea,PNG,2013,150000
Papua New Guinea,PNG,2014,155594
Papua New Guinea,PNG,2015,163136
Papua New Guinea,PNG,2016,170151
Papua New Guinea,PNG,2017,176583
Papua New Guinea,PNG,2018,183084
Paraguay,PRY,1961,7900
Paraguay,PRY,1962,8100
Paraguay,PRY,1963,8100
Paraguay,PRY,1964,10700
Paraguay,PRY,1965,13000
Paraguay,PRY,1966,16500
Paraguay,PRY,1967,13500
Paraguay,PRY,1968,16000
Paraguay,PRY,1969,14900
Paraguay,PRY,1970,18300
Paraguay,PRY,1971,24000
Paraguay,PRY,1972,19800
Paraguay,PRY,1973,13500
Paraguay,PRY,1974,19500
Paraguay,PRY,1975,13800
Paraguay,PRY,1976,14500
Paraguay,PRY,1977,20500
Paraguay,PRY,1978,11800
Paraguay,PRY,1979,18400
Paraguay,PRY,1980,18500
Paraguay,PRY,1981,13000
Paraguay,PRY,1982,26000
Paraguay,PRY,1983,12000
Paraguay,PRY,1984,21000
Paraguay,PRY,1985,20000
Paraguay,PRY,1986,20000
Paraguay,PRY,1987,17600
Paraguay,PRY,1988,17600
Paraguay,PRY,1989,17600
Paraguay,PRY,1990,17600
Paraguay,PRY,1991,17600
Paraguay,PRY,1992,17600
Paraguay,PRY,1993,18000
Paraguay,PRY,1994,18000
Paraguay,PRY,1995,11500
Paraguay,PRY,1996,11500
Paraguay,PRY,1997,11500
Paraguay,PRY,1998,11500
Paraguay,PRY,1999,13000
Paraguay,PRY,2000,13000
Paraguay,PRY,2001,13000
Paraguay,PRY,2002,13000
Paraguay,PRY,2003,13300
Paraguay,PRY,2004,13100
Paraguay,PRY,2005,13130
Paraguay,PRY,2006,13130
Paraguay,PRY,2007,15000
Paraguay,PRY,2008,15000
Paraguay,PRY,2009,16000
Paraguay,PRY,2010,16000
Paraguay,PRY,2011,16000
Paraguay,PRY,2012,16000
Paraguay,PRY,2013,16000
Paraguay,PRY,2014,15969
Paraguay,PRY,2015,15847
Paraguay,PRY,2016,15927
Paraguay,PRY,2017,15984
Paraguay,PRY,2018,16073
Peru,PER,1970,31
Peru,PER,1971,226
Peru,PER,1972,6
Peru,PER,1973,6
Peru,PER,1974,6
Peru,PER,1975,1448
Peru,PER,1976,1267
Peru,PER,1977,1711
Peru,PER,1978,1711
Peru,PER,1979,2423
Peru,PER,1980,3000
Peru,PER,1981,3100
Peru,PER,1982,3200
Peru,PER,1983,3500
Peru,PER,1984,4000
Peru,PER,1985,3623
Peru,PER,1986,9362
Peru,PER,1987,8509
Peru,PER,1988,6111
Peru,PER,1989,6188
Peru,PER,1990,4150
Peru,PER,1991,4318
Peru,PER,1992,4470
Peru,PER,1993,5000
Peru,PER,1994,5770
Peru,PER,1995,5188
Peru,PER,1996,5597
Peru,PER,1997,7567
Peru,PER,1998,10137
Peru,PER,1999,7651
Peru,PER,2000,9990
Peru,PER,2001,11200
Peru,PER,2002,9562
Peru,PER,2003,8864
Peru,PER,2004,9502
Peru,PER,2005,10361
Peru,PER,2006,10906
Peru,PER,2007,12594
Peru,PER,2008,14000
Peru,PER,2009,18215
Peru,PER,2010,19055
Peru,PER,2011,33324
Peru,PER,2012,37852
Peru,PER,2013,47488
Peru,PER,2014,37567
Peru,PER,2015,43140
Peru,PER,2016,51057
Peru,PER,2017,58951
Peru,PER,2018,66171
Philippines,PHL,1961,150
Philippines,PHL,1962,150
Philippines,PHL,1963,150
Philippines,PHL,1964,150
Philippines,PHL,1965,150
Philippines,PHL,1966,300
Philippines,PHL,1967,300
Philippines,PHL,1968,300
Philippines,PHL,1969,600
Philippines,PHL,1970,1100
Philippines,PHL,1971,1400
Philippines,PHL,1972,2700
Philippines,PHL,1973,3900
Philippines,PHL,1974,3900
Philippines,PHL,1975,5400
Philippines,PHL,1976,6000
Philippines,PHL,1977,6000
Philippines,PHL,1978,5500
Philippines,PHL,1979,6000
Philippines,PHL,1980,6200
Philippines,PHL,1981,6500
Philippines,PHL,1982,15000
Philippines,PHL,1983,10700
Philippines,PHL,1984,17000
Philippines,PHL,1985,17723
Philippines,PHL,1986,17000
Philippines,PHL,1987,15000
Philippines,PHL,1988,13000
Philippines,PHL,1989,12000
Philippines,PHL,1990,13000
Philippines,PHL,1991,14000
Philippines,PHL,1992,14000
Philippines,PHL,1993,15000
Philippines,PHL,1994,14000
Philippines,PHL,1995,14000
Philippines,PHL,1996,14000
Philippines,PHL,1997,14000
Philippines,PHL,1998,14000
Philippines,PHL,1999,15000
Philippines,PHL,2000,16000
Philippines,PHL,2001,16000
Philippines,PHL,2002,19987
Philippines,PHL,2003,20806
Philippines,PHL,2004,22211
Philippines,PHL,2005,25478
Philippines,PHL,2006,31444
Philippines,PHL,2007,36819
Philippines,PHL,2008,38599
Philippines,PHL,2009,41444
Philippines,PHL,2010,45044
Philippines,PHL,2011,49328
Philippines,PHL,2012,53015
Philippines,PHL,2013,53856
Philippines,PHL,2014,55083
Philippines,PHL,2015,59754
Philippines,PHL,2016,60069
Philippines,PHL,2017,60069
Philippines,PHL,2018,62671
Sao Tome and Principe,STP,1961,870
Sao Tome and Principe,STP,1962,870
Sao Tome and Principe,STP,1963,750
Sao Tome and Principe,STP,1964,750
Sao Tome and Principe,STP,1965,750
Sao Tome and Principe,STP,1966,750
Sao Tome and Principe,STP,1967,670
Sao Tome and Principe,STP,1968,550
Sao Tome and Principe,STP,1969,550
Sao Tome and Principe,STP,1970,500
Sao Tome and Principe,STP,1971,450
Sao Tome and Principe,STP,1972,400
Sao Tome and Principe,STP,1973,470
Sao Tome and Principe,STP,1974,450
Sao Tome and Principe,STP,1975,250
Sao Tome and Principe,STP,1976,240
Sao Tome and Principe,STP,1977,200
Sao Tome and Principe,STP,1978,200
Sao Tome and Principe,STP,1979,150
Sao Tome and Principe,STP,1980,100
Sao Tome and Principe,STP,1981,120
Sao Tome and Principe,STP,1982,100
Sao Tome and Principe,STP,1983,170
Sao Tome and Principe,STP,1984,170
Sao Tome and Principe,STP,1985,170
Sao Tome and Principe,STP,1986,120
Sao Tome and Principe,STP,1987,160
Sao Tome and Principe,STP,1988,63
Sao Tome and Principe,STP,1989,190
Sao Tome and Principe,STP,1990,180
Sao Tome and Principe,STP,1991,480
Sao Tome and Principe,STP,1992,580
Sao Tome and Principe,STP,1993,580
Sao Tome and Principe,STP,1994,450
Sao Tome and Principe,STP,1995,400
Sao Tome and Principe,STP,1996,600
Sao Tome and Principe,STP,1997,600
Sao Tome and Principe,STP,1998,550
Sao Tome and Principe,STP,1999,600
Sao Tome and Principe,STP,2000,1100
Sao Tome and Principe,STP,2001,1300
Sao Tome and Principe,STP,2002,1300
Sao Tome and Principe,STP,2003,1350
Sao Tome and Principe,STP,2004,1400
Sao Tome and Principe,STP,2005,1400
Sao Tome and Principe,STP,2006,1600
Sao Tome and Principe,STP,2007,1600
Sao Tome and Principe,STP,2008,1650
Sao Tome and Principe,STP,2009,1650
Sao Tome and Principe,STP,2010,1670
Sao Tome and Principe,STP,2011,1670
Sao Tome and Principe,STP,2012,1670
Sao Tome and Principe,STP,2013,1700
Sao Tome and Principe,STP,2014,1749
Sao Tome and Principe,STP,2015,1865
Sao Tome and Principe,STP,2016,1876
Sao Tome and Principe,STP,2017,1909
Sao Tome and Principe,STP,2018,1941
Senegal,SEN,1961,7000
Senegal,SEN,1962,7000
Senegal,SEN,1963,7000
Senegal,SEN,1964,7000
Senegal,SEN,1965,7000
Senegal,SEN,1966,7000
Senegal,SEN,1967,7000
Senegal,SEN,1968,7000
Senegal,SEN,1969,7000
Senegal,SEN,1970,7000
Senegal,SEN,1971,7000
Senegal,SEN,1972,7000
Senegal,SEN,1973,7000
Senegal,SEN,1974,7000
Senegal,SEN,1975,7000
Senegal,SEN,1976,7000
Senegal,SEN,1977,7000
Senegal,SEN,1978,7000
Senegal,SEN,1979,7000
Senegal,SEN,1980,7000
Senegal,SEN,1981,7000
Senegal,SEN,1982,7000
Senegal,SEN,1983,7000
Senegal,SEN,1984,7000
Senegal,SEN,1985,7000
Senegal,SEN,1986,7000
Senegal,SEN,1987,7000
Senegal,SEN,1988,6000
Senegal,SEN,1989,5000
Senegal,SEN,1990,6000
Senegal,SEN,1991,4000
Senegal,SEN,1992,4000
Senegal,SEN,1993,4000
Senegal,SEN,1994,5000
Senegal,SEN,1995,6900
Senegal,SEN,1996,6000
Senegal,SEN,1997,6000
Senegal,SEN,1998,6400
Senegal,SEN,1999,6400
Senegal,SEN,2000,6500
Senegal,SEN,2001,6500
Senegal,SEN,2002,6500
Senegal,SEN,2003,7000
Senegal,SEN,2004,7000
Senegal,SEN,2005,7000
Senegal,SEN,2006,7000
Senegal,SEN,2007,7100
Senegal,SEN,2008,8500
Senegal,SEN,2009,9000
Senegal,SEN,2010,10500
Senegal,SEN,2011,10500
Senegal,SEN,2012,11000
Senegal,SEN,2013,11200
Senegal,SEN,2014,11177
Senegal,SEN,2015,11521
Senegal,SEN,2016,11877
Senegal,SEN,2017,12149
Senegal,SEN,2018,12418
Sierra Leone,SLE,1961,31000
Sierra Leone,SLE,1962,31000
Sierra Leone,SLE,1963,31000
Sierra Leone,SLE,1964,31000
Sierra Leone,SLE,1965,31000
Sierra Leone,SLE,1966,31000
Sierra Leone,SLE,1967,31000
Sierra Leone,SLE,1968,31000
Sierra Leone,SLE,1969,31000
Sierra Leone,SLE,1970,31000
Sierra Leone,SLE,1971,31000
Sierra Leone,SLE,1972,31000
Sierra Leone,SLE,1973,31000
Sierra Leone,SLE,1974,31000
Sierra Leone,SLE,1975,31000
Sierra Leone,SLE,1976,31000
Sierra Leone,SLE,1977,31000
Sierra Leone,SLE,1978,31000
Sierra Leone,SLE,1979,31000
Sierra Leone,SLE,1980,31000
Sierra Leone,SLE,1981,31000
Sierra Leone,SLE,1982,31000
Sierra Leone,SLE,1983,31000
Sierra Leone,SLE,1984,31000
Sierra Leone,SLE,1985,31000
Sierra Leone,SLE,1986,31000
Sierra Leone,SLE,1987,31000
Sierra Leone,SLE,1988,31000
Sierra Leone,SLE,1989,31000
Sierra Leone,SLE,1990,31000
Sierra Leone,SLE,1991,31000
Sierra Leone,SLE,1992,29200
Sierra Leone,SLE,1993,29150
Sierra Leone,SLE,1994,28700
Sierra Leone,SLE,1995,27900
Sierra Leone,SLE,1996,29500
Sierra Leone,SLE,1997,30500
Sierra Leone,SLE,1998,24800
Sierra Leone,SLE,1999,21800
Sierra Leone,SLE,2000,21800
Sierra Leone,SLE,2001,22000
Sierra Leone,SLE,2002,22000
Sierra Leone,SLE,2003,24000
Sierra Leone,SLE,2004,26000
Sierra Leone,SLE,2005,26000
Sierra Leone,SLE,2006,24000
Sierra Leone,SLE,2007,24000
Sierra Leone,SLE,2008,25000
Sierra Leone,SLE,2009,26000
Sierra Leone,SLE,2010,26500
Sierra Leone,SLE,2011,26500
Sierra Leone,SLE,2012,27000
Sierra Leone,SLE,2013,27500
Sierra Leone,SLE,2014,27583
Sierra Leone,SLE,2015,26792
Sierra Leone,SLE,2016,27292
Sierra Leone,SLE,2017,27491
Sierra Leone,SLE,2018,27691
Small island developing States,,1961,20425
Small island developing States,,1962,20425
Small island developing States,,1963,13805
Small island developing States,,1964,13805
Small island developing States,,1965,13805
Small island developing States,,1966,13805
Small island developing States,,1967,13725
Small island developing States,,1968,12605
Small island developing States,,1969,13160
Small island developing States,,1970,10160
Small island developing States,,1971,10720
Small island developing States,,1972,11380
Small island developing States,,1973,13325
Small island developing States,,1974,17155
Small island developing States,,1975,19095
Small island developing States,,1976,22469
Small island developing States,,1977,27044
Small island developing States,,1978,27719
Small island developing States,,1979,29808
Small island developing States,,1980,30049
Small island developing States,,1981,34903
Small island developing States,,1982,45631
Small island developing States,,1983,43456
Small island developing States,,1984,58447
Small island developing States,,1985,57653
Small island developing States,,1986,64166
Small island developing States,,1987,63923
Small island developing States,,1988,56996
Small island developing States,,1989,64804
Small island developing States,,1990,68624
Small island developing States,,1991,71315
Small island developing States,,1992,78205
Small island developing States,,1993,84743
Small island developing States,,1994,89150
Small island developing States,,1995,90900
Small island developing States,,1996,90470
Small island developing States,,1997,91189
Small island developing States,,1998,94047
Small island developing States,,1999,99013
Small island developing States,,2000,105677
Small island developing States,,2001,109857
Small island developing States,,2002,114842
Small island developing States,,2003,119881
Small island developing States,,2004,122925
Small island developing States,,2005,126925
Small island developing States,,2006,133130
Small island developing States,,2007,138190
Small island developing States,,2008,161256
Small island developing States,,2009,165301
Small island developing States,,2010,183346
Small island developing States,,2011,193402
Small island developing States,,2012,198438
Small island developing States,,2013,204535
Small island developing States,,2014,212101
Small island developing States,,2015,221604
Small island developing States,,2016,230569
Small island developing States,,2017,239035
Small island developing States,,2018,247595
Solomon Islands,SLB,1961,55
Solomon Islands,SLB,1962,55
Solomon Islands,SLB,1963,55
Solomon Islands,SLB,1964,55
Solomon Islands,SLB,1965,55
Solomon Islands,SLB,1966,55
Solomon Islands,SLB,1967,55
Solomon Islands,SLB,1968,55
Solomon Islands,SLB,1969,110
Solomon Islands,SLB,1970,110
Solomon Islands,SLB,1971,140
Solomon Islands,SLB,1972,140
Solomon Islands,SLB,1973,140
Solomon Islands,SLB,1974,270
Solomon Islands,SLB,1975,700
Solomon Islands,SLB,1976,1019
Solomon Islands,SLB,1977,2464
Solomon Islands,SLB,1978,2994
Solomon Islands,SLB,1979,3286
Solomon Islands,SLB,1980,3335
Solomon Islands,SLB,1981,3335
Solomon Islands,SLB,1982,3332
Solomon Islands,SLB,1983,3332
Solomon Islands,SLB,1984,3530
Solomon Islands,SLB,1985,3796
Solomon Islands,SLB,1986,3918
Solomon Islands,SLB,1987,4590
Solomon Islands,SLB,1988,4309
Solomon Islands,SLB,1989,3986
Solomon Islands,SLB,1990,5519
Solomon Islands,SLB,1991,7000
Solomon Islands,SLB,1992,8000
Solomon Islands,SLB,1993,8000
Solomon Islands,SLB,1994,8000
Solomon Islands,SLB,1995,8000
Solomon Islands,SLB,1996,8000
Solomon Islands,SLB,1997,8000
Solomon Islands,SLB,1998,8000
Solomon Islands,SLB,1999,8000
Solomon Islands,SLB,2000,9000
Solomon Islands,SLB,2001,9000
Solomon Islands,SLB,2002,9000
Solomon Islands,SLB,2003,9000
Solomon Islands,SLB,2004,9000
Solomon Islands,SLB,2005,9000
Solomon Islands,SLB,2006,10000
Solomon Islands,SLB,2007,10000
Solomon Islands,SLB,2008,11000
Solomon Islands,SLB,2009,12000
Solomon Islands,SLB,2010,13000
Solomon Islands,SLB,2011,14000
Solomon Islands,SLB,2012,15000
Solomon Islands,SLB,2013,16000
Solomon Islands,SLB,2014,17000
Solomon Islands,SLB,2015,18000
Solomon Islands,SLB,2016,19000
Solomon Islands,SLB,2017,20000
Solomon Islands,SLB,2018,21000
South America,,1961,38700
South America,,1962,41500
South America,,1963,41750
South America,,1964,46950
South America,,1965,56500
South America,,1966,57350
South America,,1967,65700
South America,,1968,80900
South America,,1969,63400
South America,,1970,57081
South America,,1971,76856
South America,,1972,71346
South America,,1973,61121
South America,,1974,56241
South America,,1975,50643
South America,,1976,56527
South America,,1977,61454
South America,,1978,67986
South America,,1979,71037
South America,,1980,83088
South America,,1981,80948
South America,,1982,101598
South America,,1983,95592
South America,,1984,112488
South America,,1985,123794
South America,,1986,145450
South America,,1987,152642
South America,,1988,168525
South America,,1989,189111
South America,,1990,210906
South America,,1991,253463
South America,,1992,292885
South America,,1993,288512
South America,,1994,305411
South America,,1995,310367
South America,,1996,328452
South America,,1997,344873
South America,,1998,345038
South America,,1999,342163
South America,,2000,378590
South America,,2001,397948
South America,,2002,416617
South America,,2003,430126
South America,,2004,415787
South America,,2005,448368
South America,,2006,454695
South America,,2007,467204
South America,,2008,478355
South America,,2009,529280
South America,,2010,571584
South America,,2011,629170
South America,,2012,635311
South America,,2013,679941
South America,,2014,767218
South America,,2015,837089
South America,,2016,779734
South America,,2017,768228
South America,,2018,749280
South Eastern Asia,,1961,114402
South Eastern Asia,,1962,117275
South Eastern Asia,,1963,125173
South Eastern Asia,,1964,134000
South Eastern Asia,,1965,140100
South Eastern Asia,,1966,153650
South Eastern Asia,,1967,164750
South Eastern Asia,,1968,190350
South Eastern Asia,,1969,216950
South Eastern Asia,,1970,251950
South Eastern Asia,,1971,281350
South Eastern Asia,,1972,338750
South Eastern Asia,,1973,384000
South Eastern Asia,,1974,445500
South Eastern Asia,,1975,538166
South Eastern Asia,,1976,593449
South Eastern Asia,,1977,671246
South Eastern Asia,,1978,794203
South Eastern Asia,,1979,883915
South Eastern Asia,,1980,998724
South Eastern Asia,,1981,1099747
South Eastern Asia,,1982,1168071
South Eastern Asia,,1983,1313151
South Eastern Asia,,1984,1431031
South Eastern Asia,,1985,1620688
South Eastern Asia,,1986,1811660
South Eastern Asia,,1987,1878905
South Eastern Asia,,1988,2161679
South Eastern Asia,,1989,2364976
South Eastern Asia,,1990,2528087
South Eastern Asia,,1991,2996467
South Eastern Asia,,1992,3205780
South Eastern Asia,,1993,3388516
South Eastern Asia,,1994,3623324
South Eastern Asia,,1995,3910700
South Eastern Asia,,1996,4314769
South Eastern Asia,,1997,4720328
South Eastern Asia,,1998,5105957
South Eastern Asia,,1999,5403911
South Eastern Asia,,2000,5650042
South Eastern Asia,,2001,5971216
South Eastern Asia,,2002,6756627
South Eastern Asia,,2003,7164155
South Eastern Asia,,2004,7540166
South Eastern Asia,,2005,8104594
South Eastern Asia,,2006,8700167
South Eastern Asia,,2007,9341576
South Eastern Asia,,2008,9981925
South Eastern Asia,,2009,10626511
South Eastern Asia,,2010,11234375
South Eastern Asia,,2011,11804000
South Eastern Asia,,2012,12386140
South Eastern Asia,,2013,12981519
South Eastern Asia,,2014,13552515
South Eastern Asia,,2015,14211849
South Eastern Asia,,2016,12507051
South Eastern Asia,,2017,12628558
South Eastern Asia,,2018,12800597
Suriname,SUR,1970,50
Suriname,SUR,1971,330
Suriname,SUR,1972,840
Suriname,SUR,1973,1215
Suriname,SUR,1974,1435
Suriname,SUR,1975,1645
Suriname,SUR,1976,1710
Suriname,SUR,1977,1880
Suriname,SUR,1978,2025
Suriname,SUR,1979,2372
Suriname,SUR,1980,2614
Suriname,SUR,1981,2948
Suriname,SUR,1982,4199
Suriname,SUR,1983,4954
Suriname,SUR,1984,5747
Suriname,SUR,1985,6187
Suriname,SUR,1986,6128
Suriname,SUR,1987,6173
Suriname,SUR,1988,6124
Suriname,SUR,1989,6128
Suriname,SUR,1990,5425
Suriname,SUR,1991,4835
Suriname,SUR,1992,4625
Suriname,SUR,1993,4163
Suriname,SUR,1994,3700
Suriname,SUR,1995,2500
Suriname,SUR,1996,1870
Suriname,SUR,1997,1154
Suriname,SUR,1998,250
Suriname,SUR,1999,360
Suriname,SUR,2000,550
Suriname,SUR,2001,550
Suriname,SUR,2002,550
Suriname,SUR,2003,550
Suriname,SUR,2004,550
Suriname,SUR,2005,550
Suriname,SUR,2006,550
Suriname,SUR,2007,600
Suriname,SUR,2008,600
Suriname,SUR,2009,625
Suriname,SUR,2010,625
Suriname,SUR,2011,650
Suriname,SUR,2012,650
Suriname,SUR,2013,675
Suriname,SUR,2014,660
Suriname,SUR,2015,481
Suriname,SUR,2016,493
Suriname,SUR,2017,493
Suriname,SUR,2018,494
Tanzania,TZA,1961,1100
Tanzania,TZA,1962,2000
Tanzania,TZA,1963,1750
Tanzania,TZA,1964,1750
Tanzania,TZA,1965,1200
Tanzania,TZA,1966,1200
Tanzania,TZA,1967,1200
Tanzania,TZA,1968,1200
Tanzania,TZA,1969,1200
Tanzania,TZA,1970,1200
Tanzania,TZA,1971,4000
Tanzania,TZA,1972,4000
Tanzania,TZA,1973,4000
Tanzania,TZA,1974,4000
Tanzania,TZA,1975,4000
Tanzania,TZA,1976,4000
Tanzania,TZA,1977,4000
Tanzania,TZA,1978,4000
Tanzania,TZA,1979,4000
Tanzania,TZA,1980,4100
Tanzania,TZA,1981,4100
Tanzania,TZA,1982,4100
Tanzania,TZA,1983,4100
Tanzania,TZA,1984,4100
Tanzania,TZA,1985,4100
Tanzania,TZA,1986,4150
Tanzania,TZA,1987,4150
Tanzania,TZA,1988,4150
Tanzania,TZA,1989,4150
Tanzania,TZA,1990,4200
Tanzania,TZA,1991,4200
Tanzania,TZA,1992,4300
Tanzania,TZA,1993,4300
Tanzania,TZA,1994,4400
Tanzania,TZA,1995,4400
Tanzania,TZA,1996,4400
Tanzania,TZA,1997,4400
Tanzania,TZA,1998,4500
Tanzania,TZA,1999,4500
Tanzania,TZA,2000,4500
Tanzania,TZA,2001,4500
Tanzania,TZA,2002,4500
Tanzania,TZA,2003,4500
Tanzania,TZA,2004,4500
Tanzania,TZA,2005,4500
Tanzania,TZA,2006,4500
Tanzania,TZA,2007,4500
Tanzania,TZA,2008,4500
Tanzania,TZA,2009,4500
Tanzania,TZA,2010,4800
Tanzania,TZA,2011,5000
Tanzania,TZA,2012,5200
Tanzania,TZA,2013,5200
Tanzania,TZA,2014,5188
Tanzania,TZA,2015,5330
Tanzania,TZA,2016,5407
Tanzania,TZA,2017,5484
Tanzania,TZA,2018,5561
Thailand,THA,1961,950
Thailand,THA,1962,950
Thailand,THA,1963,950
Thailand,THA,1964,950
Thailand,THA,1965,950
Thailand,THA,1966,950
Thailand,THA,1967,950
Thailand,THA,1968,950
Thailand,THA,1969,950
Thailand,THA,1970,950
Thailand,THA,1971,950
Thailand,THA,1972,950
Thailand,THA,1973,1800
Thailand,THA,1974,1800
Thailand,THA,1975,5100
Thailand,THA,1976,3440
Thailand,THA,1977,3760
Thailand,THA,1978,5616
Thailand,THA,1979,7616
Thailand,THA,1980,11136
Thailand,THA,1981,15104
Thailand,THA,1982,24752
Thailand,THA,1983,36272
Thailand,THA,1984,45280
Thailand,THA,1985,53255
Thailand,THA,1986,59981
Thailand,THA,1987,69158
Thailand,THA,1988,82774
Thailand,THA,1989,90880
Thailand,THA,1990,96000
Thailand,THA,1991,103108
Thailand,THA,1992,105908
Thailand,THA,1993,133452
Thailand,THA,1994,139160
Thailand,THA,1995,153422
Thailand,THA,1996,166915
Thailand,THA,1997,177492
Thailand,THA,1998,205489
Thailand,THA,1999,215220
Thailand,THA,2000,230053
Thailand,THA,2001,242852
Thailand,THA,2002,263018
Thailand,THA,2003,287903
Thailand,THA,2004,309165
Thailand,THA,2005,324193
Thailand,THA,2006,379872
Thailand,THA,2007,426120
Thailand,THA,2008,461555
Thailand,THA,2009,510003
Thailand,THA,2010,541569
Thailand,THA,2011,570474
Thailand,THA,2012,592081
Thailand,THA,2013,603700
Thailand,THA,2014,643811
Thailand,THA,2015,648198
Thailand,THA,2016,649849
Thailand,THA,2017,722365
Thailand,THA,2018,710103
Togo,TGO,1961,14500
Togo,TGO,1962,15000
Togo,TGO,1963,15000
Togo,TGO,1964,15000
Togo,TGO,1965,15000
Togo,TGO,1966,15000
Togo,TGO,1967,15000
Togo,TGO,1968,15000
Togo,TGO,1969,15000
Togo,TGO,1970,15000
Togo,TGO,1971,15500
Togo,TGO,1972,15500
Togo,TGO,1973,15500
Togo,TGO,1974,15800
Togo,TGO,1975,15800
Togo,TGO,1976,15800
Togo,TGO,1977,15800
Togo,TGO,1978,15800
Togo,TGO,1979,15900
Togo,TGO,1980,15900
Togo,TGO,1981,15900
Togo,TGO,1982,16000
Togo,TGO,1983,13500
Togo,TGO,1984,13500
Togo,TGO,1985,13500
Togo,TGO,1986,13500
Togo,TGO,1987,13500
Togo,TGO,1988,13500
Togo,TGO,1989,13500
Togo,TGO,1990,13500
Togo,TGO,1991,13500
Togo,TGO,1992,13500
Togo,TGO,1993,13500
Togo,TGO,1994,13500
Togo,TGO,1995,15500
Togo,TGO,1996,16500
Togo,TGO,1997,13000
Togo,TGO,1998,13000
Togo,TGO,1999,13500
Togo,TGO,2000,13500
Togo,TGO,2001,13500
Togo,TGO,2002,13500
Togo,TGO,2003,13500
Togo,TGO,2004,13500
Togo,TGO,2005,13500
Togo,TGO,2006,14100
Togo,TGO,2007,14100
Togo,TGO,2008,15300
Togo,TGO,2009,16250
Togo,TGO,2010,17250
Togo,TGO,2011,17000
Togo,TGO,2012,17500
Togo,TGO,2013,17000
Togo,TGO,2014,16823
Togo,TGO,2015,17461
Togo,TGO,2016,17792
Togo,TGO,2017,18024
Togo,TGO,2018,18257
Venezuela,VEN,1980,2200
Venezuela,VEN,1981,1600
Venezuela,VEN,1982,2200
Venezuela,VEN,1983,2600
Venezuela,VEN,1984,2800
Venezuela,VEN,1985,2400
Venezuela,VEN,1986,2670
Venezuela,VEN,1987,2700
Venezuela,VEN,1988,2300
Venezuela,VEN,1989,2700
Venezuela,VEN,1990,2500
Venezuela,VEN,1991,3600
Venezuela,VEN,1992,11398
Venezuela,VEN,1993,12860
Venezuela,VEN,1994,16103
Venezuela,VEN,1995,18799
Venezuela,VEN,1996,27813
Venezuela,VEN,1997,28135
Venezuela,VEN,1998,25000
Venezuela,VEN,1999,24956
Venezuela,VEN,2000,24711
Venezuela,VEN,2001,25105
Venezuela,VEN,2002,25116
Venezuela,VEN,2003,25124
Venezuela,VEN,2004,24607
Venezuela,VEN,2005,26277
Venezuela,VEN,2006,25252
Venezuela,VEN,2007,26713
Venezuela,VEN,2008,31096
Venezuela,VEN,2009,29986
Venezuela,VEN,2010,32567
Venezuela,VEN,2011,36293
Venezuela,VEN,2012,34082
Venezuela,VEN,2013,35568
Venezuela,VEN,2014,39596
Venezuela,VEN,2015,39632
Venezuela,VEN,2016,35060
Venezuela,VEN,2017,36660
Venezuela,VEN,2018,44991
Western Africa,,1961,3144500
Western Africa,,1962,2946000
Western Africa,,1963,3040500
Western Africa,,1964,3066500
Western Africa,,1965,3171400
Western Africa,,1966,3072000
Western Africa,,1967,2573900
Western Africa,,1968,2582000
Western Africa,,1969,2681000
Western Africa,,1970,2639400
Western Africa,,1971,2649900
Western Africa,,1972,2499110
Western Africa,,1973,2518455
Western Africa,,1974,2703902
Western Africa,,1975,2653287
Western Africa,,1976,2654793
Western Africa,,1977,2703857
Western Africa,,1978,2565162
Western Africa,,1979,2886323
Western Africa,,1980,2870534
Western Africa,,1981,2570151
Western Africa,,1982,2574426
Western Africa,,1983,2464152
Western Africa,,1984,2745101
Western Africa,,1985,2712938
Western Africa,,1986,2738033
Western Africa,,1987,2814872
Western Africa,,1988,2790885
Western Africa,,1989,2824123
Western Africa,,1990,2885202
Western Africa,,1991,3057900
Western Africa,,1992,3190065
Western Africa,,1993,3349743
Western Africa,,1994,3405306
Western Africa,,1995,3604341
Western Africa,,1996,3637400
Western Africa,,1997,3641700
Western Africa,,1998,3659900
Western Africa,,1999,3719182
Western Africa,,2000,3801000
Western Africa,,2001,3922765
Western Africa,,2002,3935497
Western Africa,,2003,4115479
Western Africa,,2004,4247331
Western Africa,,2005,4280856
Western Africa,,2006,4034333
Western Africa,,2007,4061206
Western Africa,,2008,4165600
Western Africa,,2009,4214050
Western Africa,,2010,4240250
Western Africa,,2011,4242577
Western Africa,,2012,4331500
Western Africa,,2013,4020460
Western Africa,,2014,4082177
Western Africa,,2015,4132502
Western Africa,,2016,4157574
Western Africa,,2017,4181748
Western Africa,,2018,4164684
World,OWID_WRL,1961,3621037
World,OWID_WRL,1962,3422412
World,OWID_WRL,1963,3517630
World,OWID_WRL,1964,3540825
World,OWID_WRL,1965,3617385
World,OWID_WRL,1966,3523670
World,OWID_WRL,1967,3081995
World,OWID_WRL,1968,3185274
World,OWID_WRL,1969,3295732
World,OWID_WRL,1970,3263027
World,OWID_WRL,1971,3311979
World,OWID_WRL,1972,3210852
World,OWID_WRL,1973,3263026
World,OWID_WRL,1974,3498230
World,OWID_WRL,1975,3539154
World,OWID_WRL,1976,3593114
World,OWID_WRL,1977,3722319
World,OWID_WRL,1978,3718311
World,OWID_WRL,1979,4155088
World,OWID_WRL,1980,4276828
World,OWID_WRL,1981,4077535
World,OWID_WRL,1982,4190963
World,OWID_WRL,1983,4225265
World,OWID_WRL,1984,4668824
World,OWID_WRL,1985,4898899
World,OWID_WRL,1986,5146653
World,OWID_WRL,1987,5301514
World,OWID_WRL,1988,5577146
World,OWID_WRL,1989,5857284
World,OWID_WRL,1990,6115211
World,OWID_WRL,1991,6804335
World,OWID_WRL,1992,7197393
World,OWID_WRL,1993,7533612
World,OWID_WRL,1994,7858343
World,OWID_WRL,1995,8358624
World,OWID_WRL,1996,8819358
World,OWID_WRL,1997,9231671
World,OWID_WRL,1998,9637496
World,OWID_WRL,1999,10004661
World,OWID_WRL,2000,10386924
World,OWID_WRL,2001,10856276
World,OWID_WRL,2002,11679813
World,OWID_WRL,2003,12283549
World,OWID_WRL,2004,12798576
World,OWID_WRL,2005,13460999
World,OWID_WRL,2006,13859768
World,OWID_WRL,2007,14566794
World,OWID_WRL,2008,15368615
World,OWID_WRL,2009,16158445
World,OWID_WRL,2010,16878176
World,OWID_WRL,2011,17543879
World,OWID_WRL,2012,18266282
World,OWID_WRL,2013,18657777
World,OWID_WRL,2014,19414980
World,OWID_WRL,2015,20263351
World,OWID_WRL,2016,18560904
World,OWID_WRL,2017,18744464
World,OWID_WRL,2018,18917400