Entity,Code,Year,Tonnes
Africa,,1961,1131882
Africa,,1962,1111006
Africa,,1963,1145004
Africa,,1964,1160831
Africa,,1965,1138860
Africa,,1966,1151649
Africa,,1967,1100007
Africa,,1968,1154021
Africa,,1969,1195096
Africa,,1970,1077079
Africa,,1971,1076657
Africa,,1972,1038590
Africa,,1973,1011109
Africa,,1974,1122520
Africa,,1975,1176662
Africa,,1976,1168855
Africa,,1977,1141017
Africa,,1978,1174500
Africa,,1979,1278750
Africa,,1980,1357485
Africa,,1981,1176404
Africa,,1982,1162085
Africa,,1983,1147074
Africa,,1984,1182465
Africa,,1985,1333142
Africa,,1986,1406384
Africa,,1987,1487413
Africa,,1988,1468895
Africa,,1989,1534097
Africa,,1990,1643970
Africa,,1991,1662840
Africa,,1992,1714994
Africa,,1993,1749635
Africa,,1994,1760798
Africa,,1995,1801442
Africa,,1996,1765675
Africa,,1997,1721979
Africa,,1998,1787243
Africa,,1999,1846036
Africa,,2000,1851278
Africa,,2001,1815191
Africa,,2002,1922560
Africa,,2003,1967385
Africa,,2004,2137888
Africa,,2005,2186830
Africa,,2006,2381318
Africa,,2007,2437198
Africa,,2008,2486803
Africa,,2009,2460151
Africa,,2010,2302846
Africa,,2011,2389695
Africa,,2012,2101113
Africa,,2013,2042718
Africa,,2014,2102140
Africa,,2015,2162566
Africa,,2016,2385298
Africa,,2017,2482898
Africa,,2018,2537168
Americas,,1961,65393
Americas,,1962,74184
Americas,,1963,74995
Americas,,1964,81208
Americas,,1965,89162
Americas,,1966,89119
Americas,,1967,102403
Americas,,1968,115925
Americas,,1969,104379
Americas,,1970,97164
Americas,,1971,119477
Americas,,1972,122382
Americas,,1973,127638
Americas,,1974,118170
Americas,,1975,106915
Americas,,1976,115457
Americas,,1977,136379
Americas,,1978,153227
Americas,,1979,176150
Americas,,1980,190495
Americas,,1981,222245
Americas,,1982,255362
Americas,,1983,292105
Americas,,1984,338030
Americas,,1985,368172
Americas,,1986,446911
Americas,,1987,475300
Americas,,1988,541058
Americas,,1989,634417
Americas,,1990,679697
Americas,,1991,744365
Americas,,1992,754066
Americas,,1993,807616
Americas,,1994,908789
Americas,,1995,947410
Americas,,1996,1004812
Americas,,1997,1121090
Americas,,1998,1154798
Americas,,1999,1155717
Americas,,2000,1305289
Americas,,2001,1390905
Americas,,2002,1402537
Americas,,2003,1397610
Americas,,2004,1620122
Americas,,2005,1806635
Americas,,2006,1942117
Americas,,2007,2070831
Americas,,2008,2237117
Americas,,2009,2311617
Americas,,2010,2393763
Americas,,2011,2483736
Americas,,2012,2834208
Americas,,2013,3303376
Americas,,2014,3428810
Americas,,2015,3759434
Americas,,2016,4118844
Americas,,2017,4733970
Americas,,2018,4892254
Angola,AGO,1961,40000
Angola,AGO,1962,41000
Angola,AGO,1963,36000
Angola,AGO,1964,41000
Angola,AGO,1965,32000
Angola,AGO,1966,35000
Angola,AGO,1967,35000
Angola,AGO,1968,38000
Angola,AGO,1969,45000
Angola,AGO,1970,38000
Angola,AGO,1971,38000
Angola,AGO,1972,38000
Angola,AGO,1973,40000
Angola,AGO,1974,40000
Angola,AGO,1975,40000
Angola,AGO,1976,35000
Angola,AGO,1977,30000
Angola,AGO,1978,35000
Angola,AGO,1979,40000
Angola,AGO,1980,40000
Angola,AGO,1981,38000
Angola,AGO,1982,38000
Angola,AGO,1983,40000
Angola,AGO,1984,38000
Angola,AGO,1985,36000
Angola,AGO,1986,38000
Angola,AGO,1987,40000
Angola,AGO,1988,42000
Angola,AGO,1989,42000
Angola,AGO,1990,40000
Angola,AGO,1991,40000
Angola,AGO,1992,40000
Angola,AGO,1993,40000
Angola,AGO,1994,40000
Angola,AGO,1995,40000
Angola,AGO,1996,48000
Angola,AGO,1997,50000
Angola,AGO,1998,51000
Angola,AGO,1999,49000
Angola,AGO,2000,49000
Angola,AGO,2001,49000
Angola,AGO,2002,50000
Angola,AGO,2003,49000
Angola,AGO,2004,51000
Angola,AGO,2005,53000
Angola,AGO,2006,54000
Angola,AGO,2007,55000
Angola,AGO,2008,46000
Angola,AGO,2009,55000
Angola,AGO,2010,57000
Angola,AGO,2011,50000
Angola,AGO,2012,48000
Angola,AGO,2013,46000
Angola,AGO,2014,42000
Angola,AGO,2015,45000
Angola,AGO,2016,48000
Angola,AGO,2017,51000
Angola,AGO,2018,53000
Asia,,1961,281426
Asia,,1962,290551
Asia,,1963,314871
Asia,,1964,327793
Asia,,1965,347991
Asia,,1966,425237
Asia,,1967,466607
Asia,,1968,553578
Asia,,1969,642596
Asia,,1970,762696
Asia,,1971,961696
Asia,,1972,1142144
Asia,,1973,1263141
Asia,,1974,1558501
Asia,,1975,1825076
Asia,,1976,2003071
Asia,,1977,2247354
Asia,,1978,2471909
Asia,,1979,3025539
Asia,,1980,3485745
Asia,,1981,3829117
Asia,,1982,4657262
Asia,,1983,4264020
Asia,,1984,5161346
Asia,,1985,5740893
Asia,,1986,6275978
Asia,,1987,6431015
Asia,,1988,7157831
Asia,,1989,8465455
Asia,,1990,8958334
Asia,,1991,9269481
Asia,,1992,10155710
Asia,,1993,11344078
Asia,,1994,11795038
Asia,,1995,12934038
Asia,,1996,13938548
Asia,,1997,15158984
Asia,,1998,14951900
Asia,,1999,17393218
Asia,,2000,18688602
Asia,,2001,21252650
Asia,,2002,22449550
Asia,,2003,24941438
Asia,,2004,25912409
Asia,,2005,27916242
Asia,,2006,34683760
Asia,,2007,34835558
Asia,,2008,37124991
Asia,,2009,38596834
Asia,,2010,40556346
Asia,,2011,44864493
Asia,,2012,46922549
Asia,,2013,49336463
Asia,,2014,51168205
Asia,,2015,53241554
Asia,,2016,50992304
Asia,,2017,57849138
Asia,,2018,63258321
"Asia, Central",,2015,322
"Asia, Central",,2016,5502
"Asia, Central",,2017,6055
"Asia, Central",,2018,5691
Belgium,BEL,2015,97880
Belgium,BEL,2016,96444
Belgium,BEL,2017,106148
Belgium,BEL,2018,100000
Benin,BEN,1961,24600
Benin,BEN,1962,23200
Benin,BEN,1963,24800
Benin,BEN,1964,27000
Benin,BEN,1965,27000
Benin,BEN,1966,27000
Benin,BEN,1967,24700
Benin,BEN,1968,27200
Benin,BEN,1969,31300
Benin,BEN,1970,31957
Benin,BEN,1971,19990
Benin,BEN,1972,15396
Benin,BEN,1973,15636
Benin,BEN,1974,25796
Benin,BEN,1975,38500
Benin,BEN,1976,47000
Benin,BEN,1977,33000
Benin,BEN,1978,25000
Benin,BEN,1979,25000
Benin,BEN,1980,34000
Benin,BEN,1981,30000
Benin,BEN,1982,31000
Benin,BEN,1983,35000
Benin,BEN,1984,35000
Benin,BEN,1985,33000
Benin,BEN,1986,25000
Benin,BEN,1987,25000
Benin,BEN,1988,25000
Benin,BEN,1989,20000
Benin,BEN,1990,21854
Benin,BEN,1991,14000
Benin,BEN,1992,13700
Benin,BEN,1993,14000
Benin,BEN,1994,9432
Benin,BEN,1995,12500
Benin,BEN,1996,15000
Benin,BEN,1997,8841
Benin,BEN,1998,14800
Benin,BEN,1999,15000
Benin,BEN,2000,36000
Benin,BEN,2001,36000
Benin,BEN,2002,32000
Benin,BEN,2003,32000
Benin,BEN,2004,33500
Benin,BEN,2005,36000
Benin,BEN,2006,38000
Benin,BEN,2007,40000
Benin,BEN,2008,42000
Benin,BEN,2009,44000
Benin,BEN,2010,46000
Benin,BEN,2011,46000
Benin,BEN,2012,53000
Benin,BEN,2013,56000
Benin,BEN,2014,64000
Benin,BEN,2015,60000
Benin,BEN,2016,65000
Benin,BEN,2017,70000
Benin,BEN,2018,75000
Brazil,BRA,1961,3993
Brazil,BRA,1962,5126
Brazil,BRA,1963,5340
Brazil,BRA,1964,6429
Brazil,BRA,1965,8491
Brazil,BRA,1966,10980
Brazil,BRA,1967,9795
Brazil,BRA,1968,10191
Brazil,BRA,1969,11619
Brazil,BRA,1970,4678
Brazil,BRA,1971,5200
Brazil,BRA,1972,5500
Brazil,BRA,1973,6000
Brazil,BRA,1974,6500
Brazil,BRA,1975,7000
Brazil,BRA,1976,9000
Brazil,BRA,1977,12000
Brazil,BRA,1978,15000
Brazil,BRA,1979,16000
Brazil,BRA,1980,12000
Brazil,BRA,1981,14000
Brazil,BRA,1982,16000
Brazil,BRA,1983,18000
Brazil,BRA,1984,23000
Brazil,BRA,1985,29000
Brazil,BRA,1986,31000
Brazil,BRA,1987,39000
Brazil,BRA,1988,46000
Brazil,BRA,1989,53700
Brazil,BRA,1990,65600
Brazil,BRA,1991,69900
Brazil,BRA,1992,60000
Brazil,BRA,1993,53800
Brazil,BRA,1994,70800
Brazil,BRA,1995,75500
Brazil,BRA,1996,79500
Brazil,BRA,1997,80400
Brazil,BRA,1998,88600
Brazil,BRA,1999,92000
Brazil,BRA,2000,108000
Brazil,BRA,2001,110000
Brazil,BRA,2002,118000
Brazil,BRA,2003,129000
Brazil,BRA,2004,142000
Brazil,BRA,2005,160000
Brazil,BRA,2006,170000
Brazil,BRA,2007,190000
Brazil,BRA,2008,210000
Brazil,BRA,2009,240000
Brazil,BRA,2010,250000
Brazil,BRA,2011,270000
Brazil,BRA,2012,310000
Brazil,BRA,2013,340000
Brazil,BRA,2014,365000
Brazil,BRA,2015,400000
Brazil,BRA,2016,415000
Brazil,BRA,2017,443000
Brazil,BRA,2018,450000
Burundi,BDI,1961,1000
Burundi,BDI,1962,1000
Burundi,BDI,1963,1000
Burundi,BDI,1964,1000
Burundi,BDI,1965,1000
Burundi,BDI,1966,1000
Burundi,BDI,1967,1000
Burundi,BDI,1968,1340
Burundi,BDI,1969,1670
Burundi,BDI,1970,1740
Burundi,BDI,1971,1780
Burundi,BDI,1972,1600
Burundi,BDI,1973,1690
Burundi,BDI,1974,1360
Burundi,BDI,1975,1620
Burundi,BDI,1976,1620
Burundi,BDI,1977,1700
Burundi,BDI,1978,2200
Burundi,BDI,1979,1750
Burundi,BDI,1980,1800
Burundi,BDI,1981,1800
Burundi,BDI,1982,1800
Burundi,BDI,1983,1800
Burundi,BDI,1984,1800
Burundi,BDI,1985,1800
Burundi,BDI,1986,1800
Burundi,BDI,1987,1850
Burundi,BDI,1988,1930
Burundi,BDI,1989,1401
Burundi,BDI,1990,1931
Burundi,BDI,1991,1958
Burundi,BDI,1992,2012
Burundi,BDI,1993,1960
Burundi,BDI,1994,1755
Burundi,BDI,1995,1890
Burundi,BDI,1996,1960
Burundi,BDI,1997,2030
Burundi,BDI,1998,1960
Burundi,BDI,1999,1890
Burundi,BDI,2000,1760
Burundi,BDI,2001,1260
Burundi,BDI,2002,1490
Burundi,BDI,2003,2000
Burundi,BDI,2004,2700
Burundi,BDI,2005,4500
Burundi,BDI,2006,7500
Burundi,BDI,2007,11500
Burundi,BDI,2008,12977
Burundi,BDI,2009,12217
Burundi,BDI,2010,11418
Burundi,BDI,2011,9689
Burundi,BDI,2012,9923
Burundi,BDI,2013,15778
Burundi,BDI,2014,18468
Burundi,BDI,2015,16571
Burundi,BDI,2016,19216
Burundi,BDI,2017,17175
Burundi,BDI,2018,17200
Cambodia,KHM,2012,19000
Cambodia,KHM,2013,32000
Cambodia,KHM,2014,31385
Cambodia,KHM,2015,31087
Cambodia,KHM,2016,31087
Cambodia,KHM,2017,33993
Cambodia,KHM,2018,32000
Cameroon,CMR,1961,37200
Cameroon,CMR,1962,37000
Cameroon,CMR,1963,51400
Cameroon,CMR,1964,52600
Cameroon,CMR,1965,60750
Cameroon,CMR,1966,46000
Cameroon,CMR,1967,62500
Cameroon,CMR,1968,64170
Cameroon,CMR,1969,58000
Cameroon,CMR,1970,64500
Cameroon,CMR,1971,63700
Cameroon,CMR,1972,64600
Cameroon,CMR,1973,69300
Cameroon,CMR,1974,72200
Cameroon,CMR,1975,79900
Cameroon,CMR,1976,62500
Cameroon,CMR,1977,62600
Cameroon,CMR,1978,80000
Cameroon,CMR,1979,75000
Cameroon,CMR,1980,85000
Cameroon,CMR,1981,70744
Cameroon,CMR,1982,72485
Cameroon,CMR,1983,64586
Cameroon,CMR,1984,79012
Cameroon,CMR,1985,102598
Cameroon,CMR,1986,103960
Cameroon,CMR,1987,98000
Cameroon,CMR,1988,100000
Cameroon,CMR,1989,148330
Cameroon,CMR,1990,157708
Cameroon,CMR,1991,130000
Cameroon,CMR,1992,120000
Cameroon,CMR,1993,123000
Cameroon,CMR,1994,125000
Cameroon,CMR,1995,125000
Cameroon,CMR,1996,160708
Cameroon,CMR,1997,135000
Cameroon,CMR,1998,139000
Cameroon,CMR,1999,131979
Cameroon,CMR,2000,136277
Cameroon,CMR,2001,138476
Cameroon,CMR,2002,153121
Cameroon,CMR,2003,162308
Cameroon,CMR,2004,172047
Cameroon,CMR,2005,198325
Cameroon,CMR,2006,205318
Cameroon,CMR,2007,215462
Cameroon,CMR,2008,225606
Cameroon,CMR,2009,238000
Cameroon,CMR,2010,326940
Cameroon,CMR,2011,354076
Cameroon,CMR,2012,240000
Cameroon,CMR,2013,249000
Cameroon,CMR,2014,253000
Cameroon,CMR,2015,260000
Cameroon,CMR,2016,250000
Cameroon,CMR,2017,265000
Cameroon,CMR,2018,269000
Caribbean,,1989,2600
Caribbean,,1990,8800
Caribbean,,1991,13200
Caribbean,,1992,16300
Caribbean,,1993,20000
Caribbean,,1994,23000
Caribbean,,1995,24000
Caribbean,,1996,25000
Caribbean,,1997,25000
Caribbean,,1998,25000
Caribbean,,1999,23500
Caribbean,,2000,26000
Caribbean,,2001,26000
Caribbean,,2002,25200
Caribbean,,2003,27000
Caribbean,,2004,27600
Caribbean,,2005,29000
Caribbean,,2006,31000
Caribbean,,2007,32000
Caribbean,,2008,35000
Caribbean,,2009,38000
Caribbean,,2010,41000
Caribbean,,2011,44000
Caribbean,,2012,45000
Caribbean,,2013,46000
Caribbean,,2014,47000
Caribbean,,2015,50000
Caribbean,,2016,52000
Caribbean,,2017,52000
Caribbean,,2018,53000
Central African Republic,CAF,1961,1190
Central African Republic,CAF,1962,1250
Central African Republic,CAF,1963,1100
Central African Republic,CAF,1964,1450
Central African Republic,CAF,1965,1600
Central African Republic,CAF,1966,2400
Central African Republic,CAF,1967,2400
Central African Republic,CAF,1968,2400
Central African Republic,CAF,1969,3600
Central African Republic,CAF,1970,3600
Central African Republic,CAF,1971,3600
Central African Republic,CAF,1972,5600
Central African Republic,CAF,1973,5600
Central African Republic,CAF,1974,5600
Central African Republic,CAF,1975,7000
Central African Republic,CAF,1976,7000
Central African Republic,CAF,1977,6300
Central African Republic,CAF,1978,5600
Central African Republic,CAF,1979,4900
Central African Republic,CAF,1980,4900
Central African Republic,CAF,1981,5600
Central African Republic,CAF,1982,5600
Central African Republic,CAF,1983,6000
Central African Republic,CAF,1984,6000
Central African Republic,CAF,1985,6400
Central African Republic,CAF,1986,6400
Central African Republic,CAF,1987,7200
Central African Republic,CAF,1988,7200
Central African Republic,CAF,1989,7200
Central African Republic,CAF,1990,7733
Central African Republic,CAF,1991,6300
Central African Republic,CAF,1992,5948
Central African Republic,CAF,1993,6600
Central African Republic,CAF,1994,6665
Central African Republic,CAF,1995,6730
Central African Republic,CAF,1996,2585
Central African Republic,CAF,1997,3403
Central African Republic,CAF,1998,2066
Central African Republic,CAF,1999,2966
Central African Republic,CAF,2000,2183
Central African Republic,CAF,2001,1886
Central African Republic,CAF,2002,1800
Central African Republic,CAF,2003,1700
Central African Republic,CAF,2004,1762
Central African Republic,CAF,2005,1818
Central African Republic,CAF,2006,1800
Central African Republic,CAF,2007,1400
Central African Republic,CAF,2008,1100
Central African Republic,CAF,2009,700
Central African Republic,CAF,2010,360
Central African Republic,CAF,2011,380
Central African Republic,CAF,2012,420
Central African Republic,CAF,2013,440
Central African Republic,CAF,2014,400
Central African Republic,CAF,2015,414
Central African Republic,CAF,2016,447
Central African Republic,CAF,2017,431
Central African Republic,CAF,2018,420
Central America,,1961,27200
Central America,,1962,31508
Central America,,1963,30855
Central America,,1964,32650
Central America,,1965,33450
Central America,,1966,33795
Central America,,1967,32320
Central America,,1968,36700
Central America,,1969,33725
Central America,,1970,31610
Central America,,1971,32875
Central America,,1972,31847
Central America,,1973,43576
Central America,,1974,43315
Central America,,1975,41400
Central America,,1976,45650
Central America,,1977,41100
Central America,,1978,49950
Central America,,1979,53170
Central America,,1980,53180
Central America,,1981,66300
Central America,,1982,76400
Central America,,1983,85738
Central America,,1984,102229
Central America,,1985,104864
Central America,,1986,129061
Central America,,1987,134296
Central America,,1988,140296
Central America,,1989,157328
Central America,,1990,167358
Central America,,1991,173048
Central America,,1992,176374
Central America,,1993,192558
Central America,,1994,198057
Central America,,1995,206017
Central America,,1996,223089
Central America,,1997,242500
Central America,,1998,267936
Central America,,1999,278572
Central America,,2000,331451
Central America,,2001,391968
Central America,,2002,384900
Central America,,2003,421960
Central America,,2004,465100
Central America,,2005,560100
Central America,,2006,637700
Central America,,2007,666056
Central America,,2008,745854
Central America,,2009,758010
Central America,,2010,854952
Central America,,2011,958925
Central America,,2012,1058191
Central America,,2013,1244746
Central America,,2014,1275426
Central America,,2015,1343945
Central America,,2016,1749794
Central America,,2017,1868158
Central America,,2018,1998094
China,CHN,1961,40000
China,CHN,1962,40000
China,CHN,1963,40000
China,CHN,1964,40000
China,CHN,1965,40000
China,CHN,1966,60000
China,CHN,1967,72000
China,CHN,1968,88000
China,CHN,1969,100000
China,CHN,1970,112000
China,CHN,1971,128000
China,CHN,1972,148000
China,CHN,1973,152000
China,CHN,1974,156000
China,CHN,1975,156000
China,CHN,1976,164000
China,CHN,1977,160000
China,CHN,1978,168000
China,CHN,1979,172000
China,CHN,1980,160000
China,CHN,1981,164000
China,CHN,1982,180000
China,CHN,1983,188000
China,CHN,1984,184000
China,CHN,1985,240000
China,CHN,1986,240000
China,CHN,1987,223000
China,CHN,1988,213000
China,CHN,1989,203000
China,CHN,1990,180000
China,CHN,1991,184628
China,CHN,1992,192000
China,CHN,1993,200000
China,CHN,1994,211948
China,CHN,1995,220822
China,CHN,1996,202000
China,CHN,1997,205000
China,CHN,1998,207000
China,CHN,1999,210000
China,CHN,2000,213000
China,CHN,2001,217000
China,CHN,2002,220000
China,CHN,2003,223000
China,CHN,2004,225000
China,CHN,2005,248020
China,CHN,2006,217000
China,CHN,2007,221000
China,CHN,2008,225000
China,CHN,2009,230000
China,CHN,2010,225000
China,CHN,2011,220000
China,CHN,2012,225000
China,CHN,2013,230000
China,CHN,2014,232615
China,CHN,2015,230649
China,CHN,2016,230252
China,CHN,2017,230468
China,CHN,2018,230500
Colombia,COL,1961,1700
Colombia,COL,1962,1950
Colombia,COL,1963,2100
Colombia,COL,1964,2200
Colombia,COL,1965,2200
Colombia,COL,1966,2800
Colombia,COL,1967,11100
Colombia,COL,1968,13400
Colombia,COL,1969,17700
Colombia,COL,1970,26900
Colombia,COL,1971,36200
Colombia,COL,1972,41400
Colombia,COL,1973,44000
Colombia,COL,1974,50800
Colombia,COL,1975,39200
Colombia,COL,1976,38940
Colombia,COL,1977,48100
Colombia,COL,1978,48800
Colombia,COL,1979,61800
Colombia,COL,1980,69800
Colombia,COL,1981,79900
Colombia,COL,1982,85200
Colombia,COL,1983,101900
Colombia,COL,1984,118628
Colombia,COL,1985,125250
Colombia,COL,1986,140000
Colombia,COL,1987,147000
Colombia,COL,1988,198725
Colombia,COL,1989,224000
Colombia,COL,1990,251961
Colombia,COL,1991,290856
Colombia,COL,1992,290470
Colombia,COL,1993,314680
Colombia,COL,1994,353163
Colombia,COL,1995,387646
Colombia,COL,1996,409620
Colombia,COL,1997,440796
Colombia,COL,1998,424198
Colombia,COL,1999,499635
Colombia,COL,2000,524001
Colombia,COL,2001,547571
Colombia,COL,2002,528400
Colombia,COL,2003,526634
Colombia,COL,2004,630400
Colombia,COL,2005,672576
Colombia,COL,2006,711000
Colombia,COL,2007,780000
Colombia,COL,2008,777800
Colombia,COL,2009,804838
Colombia,COL,2010,753039
Colombia,COL,2011,804838
Colombia,COL,2012,973039
Colombia,COL,2013,1040835
Colombia,COL,2014,1109586
Colombia,COL,2015,1275000
Colombia,COL,2016,1146000
Colombia,COL,2017,1627552
Colombia,COL,2018,1630000
Congo,COG,1961,6592
Congo,COG,1962,7100
Congo,COG,1963,8750
Congo,COG,1964,9000
Congo,COG,1965,10000
Congo,COG,1966,11000
Congo,COG,1967,12000
Congo,COG,1968,13700
Congo,COG,1969,14000
Congo,COG,1970,14000
Congo,COG,1971,14000
Congo,COG,1972,14000
Congo,COG,1973,14000
Congo,COG,1974,14000
Congo,COG,1975,14000
Congo,COG,1976,14000
Congo,COG,1977,15000
Congo,COG,1978,15000
Congo,COG,1979,15000
Congo,COG,1980,15000
Congo,COG,1981,15000
Congo,COG,1982,15000
Congo,COG,1983,15300
Congo,COG,1984,15300
Congo,COG,1985,15300
Congo,COG,1986,15600
Congo,COG,1987,15700
Congo,COG,1988,16000
Congo,COG,1989,16500
Congo,COG,1990,17722
Congo,COG,1991,16000
Congo,COG,1992,15000
Congo,COG,1993,15400
Congo,COG,1994,16000
Congo,COG,1995,16100
Congo,COG,1996,16700
Congo,COG,1997,15700
Congo,COG,1998,16100
Congo,COG,1999,16700
Congo,COG,2000,16891
Congo,COG,2001,16962
Congo,COG,2002,18900
Congo,COG,2003,15000
Congo,COG,2004,18000
Congo,COG,2005,19000
Congo,COG,2006,24500
Congo,COG,2007,25000
Congo,COG,2008,25106
Congo,COG,2009,25200
Congo,COG,2010,25450
Congo,COG,2011,25550
Congo,COG,2012,25850
Congo,COG,2013,25950
Congo,COG,2014,25940
Congo,COG,2015,26190
Congo,COG,2016,26210
Congo,COG,2017,26300
Congo,COG,2018,26390
Costa Rica,CRI,1961,4300
Costa Rica,CRI,1962,5300
Costa Rica,CRI,1963,9200
Costa Rica,CRI,1964,8900
Costa Rica,CRI,1965,9200
Costa Rica,CRI,1966,9100
Costa Rica,CRI,1967,9500
Costa Rica,CRI,1968,10200
Costa Rica,CRI,1969,12000
Costa Rica,CRI,1970,13000
Costa Rica,CRI,1971,14000
Costa Rica,CRI,1972,14000
Costa Rica,CRI,1973,22226
Costa Rica,CRI,1974,22000
Costa Rica,CRI,1975,22000
Costa Rica,CRI,1976,23000
Costa Rica,CRI,1977,23000
Costa Rica,CRI,1978,29600
Costa Rica,CRI,1979,30800
Costa Rica,CRI,1980,31300
Costa Rica,CRI,1981,37300
Costa Rica,CRI,1982,39900
Costa Rica,CRI,1983,43400
Costa Rica,CRI,1984,43196
Costa Rica,CRI,1985,35583
Costa Rica,CRI,1986,44681
Costa Rica,CRI,1987,47216
Costa Rica,CRI,1988,59246
Costa Rica,CRI,1989,72108
Costa Rica,CRI,1990,73178
Costa Rica,CRI,1991,76298
Costa Rica,CRI,1992,75155
Costa Rica,CRI,1993,84858
Costa Rica,CRI,1994,89457
Costa Rica,CRI,1995,93217
Costa Rica,CRI,1996,96789
Costa Rica,CRI,1997,101000
Costa Rica,CRI,1998,108586
Costa Rica,CRI,1999,108972
Costa Rica,CRI,2000,137051
Costa Rica,CRI,2001,149868
Costa Rica,CRI,2002,128400
Costa Rica,CRI,2003,131460
Costa Rica,CRI,2004,158700
Costa Rica,CRI,2005,179400
Costa Rica,CRI,2006,196300
Costa Rica,CRI,2007,189750
Costa Rica,CRI,2008,198536
Costa Rica,CRI,2009,206482
Costa Rica,CRI,2010,226734
Costa Rica,CRI,2011,241500
Costa Rica,CRI,2012,255588
Costa Rica,CRI,2013,299911
Costa Rica,CRI,2014,203413
Costa Rica,CRI,2015,187680
Costa Rica,CRI,2016,250573
Costa Rica,CRI,2017,252034
Costa Rica,CRI,2018,250194
Cote d'Ivoire,CIV,1961,14000
Cote d'Ivoire,CIV,1962,13000
Cote d'Ivoire,CIV,1963,15000
Cote d'Ivoire,CIV,1964,16000
Cote d'Ivoire,CIV,1965,18000
Cote d'Ivoire,CIV,1966,17000
Cote d'Ivoire,CIV,1967,20000
Cote d'Ivoire,CIV,1968,22000
Cote d'Ivoire,CIV,1969,28000
Cote d'Ivoire,CIV,1970,50000
Cote d'Ivoire,CIV,1971,61400
Cote d'Ivoire,CIV,1972,93400
Cote d'Ivoire,CIV,1973,99100
Cote d'Ivoire,CIV,1974,145900
Cote d'Ivoire,CIV,1975,153400
Cote d'Ivoire,CIV,1976,150600
Cote d'Ivoire,CIV,1977,133200
Cote d'Ivoire,CIV,1978,145500
Cote d'Ivoire,CIV,1979,131000
Cote d'Ivoire,CIV,1980,189100
Cote d'Ivoire,CIV,1981,153200
Cote d'Ivoire,CIV,1982,168800
Cote d'Ivoire,CIV,1983,168100
Cote d'Ivoire,CIV,1984,166632
Cote d'Ivoire,CIV,1985,160886
Cote d'Ivoire,CIV,1986,203232
Cote d'Ivoire,CIV,1987,212807
Cote d'Ivoire,CIV,1988,186542
Cote d'Ivoire,CIV,1989,193272
Cote d'Ivoire,CIV,1990,250188
Cote d'Ivoire,CIV,1991,255267
Cote d'Ivoire,CIV,1992,281108
Cote d'Ivoire,CIV,1993,274401
Cote d'Ivoire,CIV,1994,275887
Cote d'Ivoire,CIV,1995,267889
Cote d'Ivoire,CIV,1996,296948
Cote d'Ivoire,CIV,1997,248882
Cote d'Ivoire,CIV,1998,264403
Cote d'Ivoire,CIV,1999,284518
Cote d'Ivoire,CIV,2000,263213
Cote d'Ivoire,CIV,2001,219634
Cote d'Ivoire,CIV,2002,252289
Cote d'Ivoire,CIV,2003,225872
Cote d'Ivoire,CIV,2004,297534
Cote d'Ivoire,CIV,2005,236000
Cote d'Ivoire,CIV,2006,281000
Cote d'Ivoire,CIV,2007,288819
Cote d'Ivoire,CIV,2008,302033
Cote d'Ivoire,CIV,2009,345000
Cote d'Ivoire,CIV,2010,360000
Cote d'Ivoire,CIV,2011,371000
Cote d'Ivoire,CIV,2012,417770
Cote d'Ivoire,CIV,2013,395800
Cote d'Ivoire,CIV,2014,400000
Cote d'Ivoire,CIV,2015,408600
Cote d'Ivoire,CIV,2016,424000
Cote d'Ivoire,CIV,2017,445000
Cote d'Ivoire,CIV,2018,410000
Democratic Republic of Congo,COD,1961,224000
Democratic Republic of Congo,COD,1962,229000
Democratic Republic of Congo,COD,1963,223500
Democratic Republic of Congo,COD,1964,209300
Democratic Republic of Congo,COD,1965,162400
Democratic Republic of Congo,COD,1966,167600
Democratic Republic of Congo,COD,1967,203200
Democratic Republic of Congo,COD,1968,242200
Democratic Republic of Congo,COD,1969,245000
Democratic Republic of Congo,COD,1970,231700
Democratic Republic of Congo,COD,1971,220600
Democratic Republic of Congo,COD,1972,208000
Democratic Republic of Congo,COD,1973,194400
Democratic Republic of Congo,COD,1974,184400
Democratic Republic of Congo,COD,1975,181400
Democratic Republic of Congo,COD,1976,175400
Democratic Republic of Congo,COD,1977,173300
Democratic Republic of Congo,COD,1978,170900
Democratic Republic of Congo,COD,1979,170000
Democratic Republic of Congo,COD,1980,168300
Democratic Republic of Congo,COD,1981,165000
Democratic Republic of Congo,COD,1982,155000
Democratic Republic of Congo,COD,1983,145000
Democratic Republic of Congo,COD,1984,153000
Democratic Republic of Congo,COD,1985,160000
Democratic Republic of Congo,COD,1986,155000
Democratic Republic of Congo,COD,1987,165000
Democratic Republic of Congo,COD,1988,178000
Democratic Republic of Congo,COD,1989,178000
Democratic Republic of Congo,COD,1990,179000
Democratic Republic of Congo,COD,1991,180000
Democratic Republic of Congo,COD,1992,181000
Democratic Republic of Congo,COD,1993,182000
Democratic Republic of Congo,COD,1994,170520
Democratic Republic of Congo,COD,1995,195630
Democratic Republic of Congo,COD,1996,186120
Democratic Republic of Congo,COD,1997,167810
Democratic Republic of Congo,COD,1998,168830
Democratic Republic of Congo,COD,1999,168050
Democratic Republic of Congo,COD,2000,167640
Democratic Republic of Congo,COD,2001,167230
Democratic Republic of Congo,COD,2002,170000
Democratic Republic of Congo,COD,2003,175000
Democratic Republic of Congo,COD,2004,175000
Democratic Republic of Congo,COD,2005,175000
Democratic Republic of Congo,COD,2006,175000
Democratic Republic of Congo,COD,2007,182000
Democratic Republic of Congo,COD,2008,182000
Democratic Republic of Congo,COD,2009,185000
Democratic Republic of Congo,COD,2010,187000
Democratic Republic of Congo,COD,2011,280000
Democratic Republic of Congo,COD,2012,38000
Democratic Republic of Congo,COD,2013,45000
Democratic Republic of Congo,COD,2014,54000
Democratic Republic of Congo,COD,2015,68000
Democratic Republic of Congo,COD,2016,82000
Democratic Republic of Congo,COD,2017,93000
Democratic Republic of Congo,COD,2018,99000
Dominican Republic,DOM,1989,2600
Dominican Republic,DOM,1990,8800
Dominican Republic,DOM,1991,13200
Dominican Republic,DOM,1992,16300
Dominican Republic,DOM,1993,20000
Dominican Republic,DOM,1994,23000
Dominican Republic,DOM,1995,24000
Dominican Republic,DOM,1996,25000
Dominican Republic,DOM,1997,25000
Dominican Republic,DOM,1998,25000
Dominican Republic,DOM,1999,23500
Dominican Republic,DOM,2000,26000
Dominican Republic,DOM,2001,26000
Dominican Republic,DOM,2002,25200
Dominican Republic,DOM,2003,27000
Dominican Republic,DOM,2004,27600
Dominican Republic,DOM,2005,29000
Dominican Republic,DOM,2006,31000
Dominican Republic,DOM,2007,32000
Dominican Republic,DOM,2008,35000
Dominican Republic,DOM,2009,38000
Dominican Republic,DOM,2010,41000
Dominican Republic,DOM,2011,44000
Dominican Republic,DOM,2012,45000
Dominican Republic,DOM,2013,46000
Dominican Republic,DOM,2014,47000
Dominican Republic,DOM,2015,50000
Dominican Republic,DOM,2016,52000
Dominican Republic,DOM,2017,52000
Dominican Republic,DOM,2018,53000
Eastern Africa,,1961,1700
Eastern Africa,,1962,1800
Eastern Africa,,1963,1813
Eastern Africa,,1964,1800
Eastern Africa,,1965,1794
Eastern Africa,,1966,1885
Eastern Africa,,1967,1938
Eastern Africa,,1968,2454
Eastern Africa,,1969,3159
Eastern Africa,,1970,3320
Eastern Africa,,1971,3388
Eastern Africa,,1972,3240
Eastern Africa,,1973,4120
Eastern Africa,,1974,4285
Eastern Africa,,1975,6720
Eastern Africa,,1976,5055
Eastern Africa,,1977,6685
Eastern Africa,,1978,7500
Eastern Africa,,1979,7250
Eastern Africa,,1980,7085
Eastern Africa,,1981,7810
Eastern Africa,,1982,8700
Eastern Africa,,1983,8700
Eastern Africa,,1984,8800
Eastern Africa,,1985,9020
Eastern Africa,,1986,9220
Eastern Africa,,1987,9560
Eastern Africa,,1988,9940
Eastern Africa,,1989,9701
Eastern Africa,,1990,10531
Eastern Africa,,1991,10703
Eastern Africa,,1992,10852
Eastern Africa,,1993,11050
Eastern Africa,,1994,10335
Eastern Africa,,1995,10770
Eastern Africa,,1996,10730
Eastern Africa,,1997,10810
Eastern Africa,,1998,11030
Eastern Africa,,1999,11560
Eastern Africa,,2000,11400
Eastern Africa,,2001,11374
Eastern Africa,,2002,12612
Eastern Africa,,2003,13364
Eastern Africa,,2004,14165
Eastern Africa,,2005,15923
Eastern Africa,,2006,17132
Eastern Africa,,2007,21541
Eastern Africa,,2008,23078
Eastern Africa,,2009,22638
Eastern Africa,,2010,23868
Eastern Africa,,2011,22389
Eastern Africa,,2012,22873
Eastern Africa,,2013,28628
Eastern Africa,,2014,31307
Eastern Africa,,2015,29279
Eastern Africa,,2016,31901
Eastern Africa,,2017,29857
Eastern Africa,,2018,29878
Eastern Asia,,1961,40000
Eastern Asia,,1962,40000
Eastern Asia,,1963,40000
Eastern Asia,,1964,40000
Eastern Asia,,1965,40000
Eastern Asia,,1966,60000
Eastern Asia,,1967,72000
Eastern Asia,,1968,88000
Eastern Asia,,1969,100000
Eastern Asia,,1970,112000
Eastern Asia,,1971,128000
Eastern Asia,,1972,148000
Eastern Asia,,1973,152000
Eastern Asia,,1974,156000
Eastern Asia,,1975,156000
Eastern Asia,,1976,164000
Eastern Asia,,1977,160000
Eastern Asia,,1978,168000
Eastern Asia,,1979,172000
Eastern Asia,,1980,160000
Eastern Asia,,1981,164000
Eastern Asia,,1982,180000
Eastern Asia,,1983,188000
Eastern Asia,,1984,184000
Eastern Asia,,1985,240000
Eastern Asia,,1986,240000
Eastern Asia,,1987,223000
Eastern Asia,,1988,213000
Eastern Asia,,1989,203000
Eastern Asia,,1990,180000
Eastern Asia,,1991,184628
Eastern Asia,,1992,192000
Eastern Asia,,1993,200000
Eastern Asia,,1994,211948
Eastern Asia,,1995,220822
Eastern Asia,,1996,202000
Eastern Asia,,1997,205000
Eastern Asia,,1998,207000
Eastern Asia,,1999,210000
Eastern Asia,,2000,213000
Eastern Asia,,2001,217000
Eastern Asia,,2002,220000
Eastern Asia,,2003,223000
Eastern Asia,,2004,225000
Eastern Asia,,2005,248020
Eastern Asia,,2006,217000
Eastern Asia,,2007,221000
Eastern Asia,,2008,225000
Eastern Asia,,2009,230000
Eastern Asia,,2010,225000
Eastern Asia,,2011,220000
Eastern Asia,,2012,225000
Eastern Asia,,2013,230000
Eastern Asia,,2014,232615
Eastern Asia,,2015,230649
Eastern Asia,,2016,230252
Eastern Asia,,2017,230468
Eastern Asia,,2018,230500
Eastern Europe,,2017,454
Eastern Europe,,2018,450
Ecuador,ECU,1961,30000
Ecuador,ECU,1962,32000
Ecuador,ECU,1963,32000
Ecuador,ECU,1964,34000
Ecuador,ECU,1965,40000
Ecuador,ECU,1966,37000
Ecuador,ECU,1967,45000
Ecuador,ECU,1968,50000
Ecuador,ECU,1969,35000
Ecuador,ECU,1970,27000
Ecuador,ECU,1971,38000
Ecuador,ECU,1972,36000
Ecuador,ECU,1973,29800
Ecuador,ECU,1974,11007
Ecuador,ECU,1975,14186
Ecuador,ECU,1976,15288
Ecuador,ECU,1977,25000
Ecuador,ECU,1978,28000
Ecuador,ECU,1979,31000
Ecuador,ECU,1980,37300
Ecuador,ECU,1981,43700
Ecuador,ECU,1982,56000
Ecuador,ECU,1983,64000
Ecuador,ECU,1984,67000
Ecuador,ECU,1985,82000
Ecuador,ECU,1986,118000
Ecuador,ECU,1987,123779
Ecuador,ECU,1988,121347
Ecuador,ECU,1989,162570
Ecuador,ECU,1990,150425
Ecuador,ECU,1991,160618
Ecuador,ECU,1992,166271
Ecuador,ECU,1993,170502
Ecuador,ECU,1994,194668
Ecuador,ECU,1995,179933
Ecuador,ECU,1996,187755
Ecuador,ECU,1997,243556
Ecuador,ECU,1998,269642
Ecuador,ECU,1999,164045
Ecuador,ECU,2000,217864
Ecuador,ECU,2001,227830
Ecuador,ECU,2002,263252
Ecuador,ECU,2003,220945
Ecuador,ECU,2004,261237
Ecuador,ECU,2005,290568
Ecuador,ECU,2006,291000
Ecuador,ECU,2007,295000
Ecuador,ECU,2008,312000
Ecuador,ECU,2009,328000
Ecuador,ECU,2010,400000
Ecuador,ECU,2011,300000
Ecuador,ECU,2012,325000
Ecuador,ECU,2013,495000
Ecuador,ECU,2014,490000
Ecuador,ECU,2015,535000
Ecuador,ECU,2016,587000
Ecuador,ECU,2017,570000
Ecuador,ECU,2018,560000
Equatorial Guinea,GNQ,1961,3100
Equatorial Guinea,GNQ,1962,3300
Equatorial Guinea,GNQ,1963,3100
Equatorial Guinea,GNQ,1964,3209
Equatorial Guinea,GNQ,1965,3783
Equatorial Guinea,GNQ,1966,4000
Equatorial Guinea,GNQ,1967,4000
Equatorial Guinea,GNQ,1968,4000
Equatorial Guinea,GNQ,1969,4000
Equatorial Guinea,GNQ,1970,4000
Equatorial Guinea,GNQ,1971,4000
Equatorial Guinea,GNQ,1972,4100
Equatorial Guinea,GNQ,1973,4200
Equatorial Guinea,GNQ,1974,4300
Equatorial Guinea,GNQ,1975,4200
Equatorial Guinea,GNQ,1976,4500
Equatorial Guinea,GNQ,1977,4600
Equatorial Guinea,GNQ,1978,4700
Equatorial Guinea,GNQ,1979,4700
Equatorial Guinea,GNQ,1980,4800
Equatorial Guinea,GNQ,1981,4800
Equatorial Guinea,GNQ,1982,4900
Equatorial Guinea,GNQ,1983,5000
Equatorial Guinea,GNQ,1984,5200
Equatorial Guinea,GNQ,1985,5000
Equatorial Guinea,GNQ,1986,5000
Equatorial Guinea,GNQ,1987,5000
Equatorial Guinea,GNQ,1988,5000
Equatorial Guinea,GNQ,1989,5000
Equatorial Guinea,GNQ,1990,5370
Equatorial Guinea,GNQ,1991,4704
Equatorial Guinea,GNQ,1992,4900
Equatorial Guinea,GNQ,1993,4800
Equatorial Guinea,GNQ,1994,4700
Equatorial Guinea,GNQ,1995,4500
Equatorial Guinea,GNQ,1996,4600
Equatorial Guinea,GNQ,1997,4400
Equatorial Guinea,GNQ,1998,4300
Equatorial Guinea,GNQ,1999,4500
Equatorial Guinea,GNQ,2000,4551
Equatorial Guinea,GNQ,2001,4570
Equatorial Guinea,GNQ,2002,4807
Equatorial Guinea,GNQ,2003,4921
Equatorial Guinea,GNQ,2004,5102
Equatorial Guinea,GNQ,2005,5265
Equatorial Guinea,GNQ,2006,5479
Equatorial Guinea,GNQ,2007,5992
Equatorial Guinea,GNQ,2008,6017
Equatorial Guinea,GNQ,2009,5250
Equatorial Guinea,GNQ,2010,5000
Equatorial Guinea,GNQ,2011,5000
Equatorial Guinea,GNQ,2012,5500
Equatorial Guinea,GNQ,2013,5500
Equatorial Guinea,GNQ,2014,5494
Equatorial Guinea,GNQ,2015,5444
Equatorial Guinea,GNQ,2016,5480
Equatorial Guinea,GNQ,2017,5500
Equatorial Guinea,GNQ,2018,5510
Europe,,2014,0
Europe,,2015,97880
Europe,,2016,96444
Europe,,2017,106602
Europe,,2018,100450
"Europe, Western",,2015,97880
"Europe, Western",,2016,96444
"Europe, Western",,2017,106148
"Europe, Western",,2018,100000
European Union,,2015,97880
European Union,,2016,96444
European Union,,2017,106148
European Union,,2018,100000
Gabon,GAB,1961,1500
Gabon,GAB,1962,1500
Gabon,GAB,1963,1600
Gabon,GAB,1964,1900
Gabon,GAB,1965,2600
Gabon,GAB,1966,2400
Gabon,GAB,1967,2500
Gabon,GAB,1968,2900
Gabon,GAB,1969,2400
Gabon,GAB,1970,2200
Gabon,GAB,1971,2400
Gabon,GAB,1972,2400
Gabon,GAB,1973,2400
Gabon,GAB,1974,2500
Gabon,GAB,1975,2000
Gabon,GAB,1976,2000
Gabon,GAB,1977,1600
Gabon,GAB,1978,1400
Gabon,GAB,1979,1600
Gabon,GAB,1980,2000
Gabon,GAB,1981,1800
Gabon,GAB,1982,1800
Gabon,GAB,1983,3000
Gabon,GAB,1984,3200
Gabon,GAB,1985,3060
Gabon,GAB,1986,4500
Gabon,GAB,1987,4746
Gabon,GAB,1988,4616
Gabon,GAB,1989,2529
Gabon,GAB,1990,4324
Gabon,GAB,1991,6969
Gabon,GAB,1992,6848
Gabon,GAB,1993,8010
Gabon,GAB,1994,7576
Gabon,GAB,1995,7405
Gabon,GAB,1996,6721
Gabon,GAB,1997,7000
Gabon,GAB,1998,6400
Gabon,GAB,1999,6245
Gabon,GAB,2000,6316
Gabon,GAB,2001,6343
Gabon,GAB,2002,6672
Gabon,GAB,2003,6830
Gabon,GAB,2004,7081
Gabon,GAB,2005,7308
Gabon,GAB,2006,7605
Gabon,GAB,2007,6700
Gabon,GAB,2008,6728
Gabon,GAB,2009,4000
Gabon,GAB,2010,2800
Gabon,GAB,2011,3000
Gabon,GAB,2012,3200
Gabon,GAB,2013,3200
Gabon,GAB,2014,3150
Gabon,GAB,2015,3150
Gabon,GAB,2016,3150
Gabon,GAB,2017,3150
Gabon,GAB,2018,3150
Gambia,GMB,1961,1700
Gambia,GMB,1962,1800
Gambia,GMB,1963,1600
Gambia,GMB,1964,1700
Gambia,GMB,1965,2100
Gambia,GMB,1966,2100
Gambia,GMB,1967,2100
Gambia,GMB,1968,2100
Gambia,GMB,1969,2000
Gambia,GMB,1970,2000
Gambia,GMB,1971,2000
Gambia,GMB,1972,2000
Gambia,GMB,1973,2200
Gambia,GMB,1974,2500
Gambia,GMB,1975,2600
Gambia,GMB,1976,3000
Gambia,GMB,1977,3000
Gambia,GMB,1978,3000
Gambia,GMB,1979,3000
Gambia,GMB,1980,3000
Gambia,GMB,1981,3000
Gambia,GMB,1982,2500
Gambia,GMB,1983,2500
Gambia,GMB,1984,2500
Gambia,GMB,1985,2500
Gambia,GMB,1986,2500
Gambia,GMB,1987,2500
Gambia,GMB,1988,2500
Gambia,GMB,1989,2500
Gambia,GMB,1990,2732
Gambia,GMB,1991,2832
Gambia,GMB,1992,2984
Gambia,GMB,1993,3032
Gambia,GMB,1994,3075
Gambia,GMB,1995,3101
Gambia,GMB,1996,2916
Gambia,GMB,1997,2902
Gambia,GMB,1998,3065
Gambia,GMB,1999,3227
Gambia,GMB,2000,3182
Gambia,GMB,2001,3095
Gambia,GMB,2002,2000
Gambia,GMB,2003,2500
Gambia,GMB,2004,2753
Gambia,GMB,2005,2787
Gambia,GMB,2006,3077
Gambia,GMB,2007,2550
Gambia,GMB,2008,2500
Gambia,GMB,2009,2950
Gambia,GMB,2010,3000
Gambia,GMB,2011,3000
Gambia,GMB,2012,3000
Gambia,GMB,2013,3000
Gambia,GMB,2014,4200
Gambia,GMB,2015,4200
Gambia,GMB,2016,4200
Gambia,GMB,2017,4200
Gambia,GMB,2018,4200
Ghana,GHA,1961,23000
Ghana,GHA,1962,24000
Ghana,GHA,1963,25000
Ghana,GHA,1964,26000
Ghana,GHA,1965,27000
Ghana,GHA,1966,16000
Ghana,GHA,1967,18000
Ghana,GHA,1968,18000
Ghana,GHA,1969,18000
Ghana,GHA,1970,20000
Ghana,GHA,1971,20000
Ghana,GHA,1972,20000
Ghana,GHA,1973,20000
Ghana,GHA,1974,23000
Ghana,GHA,1975,24000
Ghana,GHA,1976,18000
Ghana,GHA,1977,21000
Ghana,GHA,1978,21000
Ghana,GHA,1979,21000
Ghana,GHA,1980,21000
Ghana,GHA,1981,21000
Ghana,GHA,1982,23000
Ghana,GHA,1983,20000
Ghana,GHA,1984,30000
Ghana,GHA,1985,42000
Ghana,GHA,1986,51300
Ghana,GHA,1987,51000
Ghana,GHA,1988,60000
Ghana,GHA,1989,78000
Ghana,GHA,1990,85000
Ghana,GHA,1991,90000
Ghana,GHA,1992,100000
Ghana,GHA,1993,95000
Ghana,GHA,1994,100000
Ghana,GHA,1995,102000
Ghana,GHA,1996,83680
Ghana,GHA,1997,92044
Ghana,GHA,1998,111370
Ghana,GHA,1999,110000
Ghana,GHA,2000,108000
Ghana,GHA,2001,108000
Ghana,GHA,2002,108000
Ghana,GHA,2003,108400
Ghana,GHA,2004,114000
Ghana,GHA,2005,117000
Ghana,GHA,2006,121000
Ghana,GHA,2007,122000
Ghana,GHA,2008,128000
Ghana,GHA,2009,130000
Ghana,GHA,2010,120000
Ghana,GHA,2011,122000
Ghana,GHA,2012,122000
Ghana,GHA,2013,120000
Ghana,GHA,2014,121000
Ghana,GHA,2015,123813
Ghana,GHA,2016,293160
Ghana,GHA,2017,293160
Ghana,GHA,2018,312530
Guatemala,GTM,1983,2138
Guatemala,GTM,1984,2333
Guatemala,GTM,1985,3581
Guatemala,GTM,1986,6600
Guatemala,GTM,1987,7920
Guatemala,GTM,1988,5800
Guatemala,GTM,1989,6200
Guatemala,GTM,1990,8000
Guatemala,GTM,1991,10000
Guatemala,GTM,1992,13000
Guatemala,GTM,1993,16000
Guatemala,GTM,1994,22000
Guatemala,GTM,1995,25400
Guatemala,GTM,1996,35600
Guatemala,GTM,1997,50000
Guatemala,GTM,1998,47000
Guatemala,GTM,1999,53000
Guatemala,GTM,2000,65000
Guatemala,GTM,2001,70100
Guatemala,GTM,2002,86000
Guatemala,GTM,2003,85000
Guatemala,GTM,2004,87000
Guatemala,GTM,2005,92000
Guatemala,GTM,2006,125000
Guatemala,GTM,2007,130000
Guatemala,GTM,2008,185000
Guatemala,GTM,2009,180000
Guatemala,GTM,2010,182000
Guatemala,GTM,2011,248000
Guatemala,GTM,2012,310000
Guatemala,GTM,2013,410000
Guatemala,GTM,2014,455000
Guatemala,GTM,2015,522000
Guatemala,GTM,2016,730000
Guatemala,GTM,2017,739000
Guatemala,GTM,2018,875000
Guinea,GIN,1961,22400
Guinea,GIN,1962,24200
Guinea,GIN,1963,27600
Guinea,GIN,1964,25800
Guinea,GIN,1965,31300
Guinea,GIN,1966,35000
Guinea,GIN,1967,37500
Guinea,GIN,1968,41300
Guinea,GIN,1969,42800
Guinea,GIN,1970,43800
Guinea,GIN,1971,44000
Guinea,GIN,1972,30000
Guinea,GIN,1973,40000
Guinea,GIN,1974,37000
Guinea,GIN,1975,40000
Guinea,GIN,1976,35000
Guinea,GIN,1977,37800
Guinea,GIN,1978,40600
Guinea,GIN,1979,40000
Guinea,GIN,1980,40000
Guinea,GIN,1981,40000
Guinea,GIN,1982,40000
Guinea,GIN,1983,40000
Guinea,GIN,1984,40000
Guinea,GIN,1985,40000
Guinea,GIN,1986,40000
Guinea,GIN,1987,40000
Guinea,GIN,1988,38000
Guinea,GIN,1989,40000
Guinea,GIN,1990,41000
Guinea,GIN,1991,43000
Guinea,GIN,1992,40000
Guinea,GIN,1993,48000
Guinea,GIN,1994,50000
Guinea,GIN,1995,50422
Guinea,GIN,1996,55000
Guinea,GIN,1997,55000
Guinea,GIN,1998,50000
Guinea,GIN,1999,50000
Guinea,GIN,2000,50000
Guinea,GIN,2001,50000
Guinea,GIN,2002,50000
Guinea,GIN,2003,50000
Guinea,GIN,2004,50000
Guinea,GIN,2005,50000
Guinea,GIN,2006,50000
Guinea,GIN,2007,50000
Guinea,GIN,2008,50000
Guinea,GIN,2009,50000
Guinea,GIN,2010,50000
Guinea,GIN,2011,50000
Guinea,GIN,2012,50000
Guinea,GIN,2013,50000
Guinea,GIN,2014,50000
Guinea,GIN,2015,50000
Guinea,GIN,2016,50000
Guinea,GIN,2017,50000
Guinea,GIN,2018,50000
Guinea-Bissau,GNB,1961,6500
Guinea-Bissau,GNB,1962,6500
Guinea-Bissau,GNB,1963,6500
Guinea-Bissau,GNB,1964,6000
Guinea-Bissau,GNB,1965,6000
Guinea-Bissau,GNB,1966,5000
Guinea-Bissau,GNB,1967,5500
Guinea-Bissau,GNB,1968,6000
Guinea-Bissau,GNB,1969,5000
Guinea-Bissau,GNB,1970,5000
Guinea-Bissau,GNB,1971,5000
Guinea-Bissau,GNB,1972,5000
Guinea-Bissau,GNB,1973,3000
Guinea-Bissau,GNB,1974,4500
Guinea-Bissau,GNB,1975,4000
Guinea-Bissau,GNB,1976,4000
Guinea-Bissau,GNB,1977,6000
Guinea-Bissau,GNB,1978,6000
Guinea-Bissau,GNB,1979,6000
Guinea-Bissau,GNB,1980,6000
Guinea-Bissau,GNB,1981,4000
Guinea-Bissau,GNB,1982,4000
Guinea-Bissau,GNB,1983,5000
Guinea-Bissau,GNB,1984,4000
Guinea-Bissau,GNB,1985,4000
Guinea-Bissau,GNB,1986,4000
Guinea-Bissau,GNB,1987,5000
Guinea-Bissau,GNB,1988,5000
Guinea-Bissau,GNB,1989,5000
Guinea-Bissau,GNB,1990,4000
Guinea-Bissau,GNB,1991,5000
Guinea-Bissau,GNB,1992,4500
Guinea-Bissau,GNB,1993,4000
Guinea-Bissau,GNB,1994,4500
Guinea-Bissau,GNB,1995,4538
Guinea-Bissau,GNB,1996,4268
Guinea-Bissau,GNB,1997,4248
Guinea-Bissau,GNB,1998,4400
Guinea-Bissau,GNB,1999,4500
Guinea-Bissau,GNB,2000,5000
Guinea-Bissau,GNB,2001,4500
Guinea-Bissau,GNB,2002,4778
Guinea-Bissau,GNB,2003,4890
Guinea-Bissau,GNB,2004,5386
Guinea-Bissau,GNB,2005,5453
Guinea-Bissau,GNB,2006,6020
Guinea-Bissau,GNB,2007,6153
Guinea-Bissau,GNB,2008,6350
Guinea-Bissau,GNB,2009,6400
Guinea-Bissau,GNB,2010,5900
Guinea-Bissau,GNB,2011,6000
Guinea-Bissau,GNB,2012,6000
Guinea-Bissau,GNB,2013,6000
Guinea-Bissau,GNB,2014,6000
Guinea-Bissau,GNB,2015,6000
Guinea-Bissau,GNB,2016,6000
Guinea-Bissau,GNB,2017,6000
Guinea-Bissau,GNB,2018,6000
Honduras,HND,1961,2660
Honduras,HND,1962,2808
Honduras,HND,1963,2855
Honduras,HND,1964,3150
Honduras,HND,1965,3550
Honduras,HND,1966,3895
Honduras,HND,1967,4320
Honduras,HND,1968,4800
Honduras,HND,1969,5325
Honduras,HND,1970,5910
Honduras,HND,1971,5375
Honduras,HND,1972,6260
Honduras,HND,1973,8850
Honduras,HND,1974,8415
Honduras,HND,1975,9100
Honduras,HND,1976,8750
Honduras,HND,1977,10100
Honduras,HND,1978,11350
Honduras,HND,1979,12370
Honduras,HND,1980,12180
Honduras,HND,1981,22000
Honduras,HND,1982,31500
Honduras,HND,1983,35000
Honduras,HND,1984,52000
Honduras,HND,1985,61000
Honduras,HND,1986,73000
Honduras,HND,1987,73800
Honduras,HND,1988,70000
Honduras,HND,1989,73700
Honduras,HND,1990,78000
Honduras,HND,1991,80000
Honduras,HND,1992,82000
Honduras,HND,1993,80000
Honduras,HND,1994,75600
Honduras,HND,1995,75500
Honduras,HND,1996,76000
Honduras,HND,1997,77000
Honduras,HND,1998,92000
Honduras,HND,1999,90600
Honduras,HND,2000,95000
Honduras,HND,2001,130000
Honduras,HND,2002,126500
Honduras,HND,2003,158000
Honduras,HND,2004,170000
Honduras,HND,2005,237500
Honduras,HND,2006,257600
Honduras,HND,2007,265000
Honduras,HND,2008,278000
Honduras,HND,2009,280000
Honduras,HND,2010,353000
Honduras,HND,2011,373000
Honduras,HND,2012,398000
Honduras,HND,2013,425000
Honduras,HND,2014,469414
Honduras,HND,2015,489183
Honduras,HND,2016,610150
Honduras,HND,2017,690000
Honduras,HND,2018,650000
Indonesia,IDN,1961,145700
Indonesia,IDN,1962,141500
Indonesia,IDN,1963,148300
Indonesia,IDN,1964,164000
Indonesia,IDN,1965,156700
Indonesia,IDN,1966,174400
Indonesia,IDN,1967,167699
Indonesia,IDN,1968,181444
Indonesia,IDN,1969,188800
Indonesia,IDN,1970,216827
Indonesia,IDN,1971,249957
Indonesia,IDN,1972,269464
Indonesia,IDN,1973,289677
Indonesia,IDN,1974,347676
Indonesia,IDN,1975,397253
Indonesia,IDN,1976,431006
Indonesia,IDN,1977,457607
Indonesia,IDN,1978,501284
Indonesia,IDN,1979,641240
Indonesia,IDN,1980,721172
Indonesia,IDN,1981,800060
Indonesia,IDN,1982,886820
Indonesia,IDN,1983,982987
Indonesia,IDN,1984,1147190
Indonesia,IDN,1985,1243430
Indonesia,IDN,1986,1350729
Indonesia,IDN,1987,1506055
Indonesia,IDN,1988,1713335
Indonesia,IDN,1989,1964954
Indonesia,IDN,1990,2412612
Indonesia,IDN,1991,2657600
Indonesia,IDN,1992,3266250
Indonesia,IDN,1993,3421448
Indonesia,IDN,1994,4008060
Indonesia,IDN,1995,4479670
Indonesia,IDN,1996,4898658
Indonesia,IDN,1997,5385458
Indonesia,IDN,1998,5902178
Indonesia,IDN,1999,6011300
Indonesia,IDN,2000,7000507
Indonesia,IDN,2001,8396472
Indonesia,IDN,2002,9622344
Indonesia,IDN,2003,10440834
Indonesia,IDN,2004,10830389
Indonesia,IDN,2005,11861615
Indonesia,IDN,2006,17350848
Indonesia,IDN,2007,17664724
Indonesia,IDN,2008,17539788
Indonesia,IDN,2009,19324292
Indonesia,IDN,2010,21958120
Indonesia,IDN,2011,23995973
Indonesia,IDN,2012,26015519
Indonesia,IDN,2013,27782004
Indonesia,IDN,2014,29278189
Indonesia,IDN,2015,31070015
Indonesia,IDN,2016,31487986
Indonesia,IDN,2017,34940289
Indonesia,IDN,2018,40567230
Kazakhstan,KAZ,2015,322
Kazakhstan,KAZ,2016,5502
Kazakhstan,KAZ,2017,6055
Kazakhstan,KAZ,2018,5691
Land Locked Developing Countries,,1961,4690
Land Locked Developing Countries,,1962,5850
Land Locked Developing Countries,,1963,6800
Land Locked Developing Countries,,1964,8379
Land Locked Developing Countries,,1965,7621
Land Locked Developing Countries,,1966,7944
Land Locked Developing Countries,,1967,7588
Land Locked Developing Countries,,1968,9374
Land Locked Developing Countries,,1969,11605
Land Locked Developing Countries,,1970,12316
Land Locked Developing Countries,,1971,12582
Land Locked Developing Countries,,1972,14835
Land Locked Developing Countries,,1973,11552
Land Locked Developing Countries,,1974,13208
Land Locked Developing Countries,,1975,12474
Land Locked Developing Countries,,1976,13209
Land Locked Developing Countries,,1977,12959
Land Locked Developing Countries,,1978,12081
Land Locked Developing Countries,,1979,11527
Land Locked Developing Countries,,1980,11818
Land Locked Developing Countries,,1981,12038
Land Locked Developing Countries,,1982,13885
Land Locked Developing Countries,,1983,11216
Land Locked Developing Countries,,1984,12800
Land Locked Developing Countries,,1985,12895
Land Locked Developing Countries,,1986,13080
Land Locked Developing Countries,,1987,12669
Land Locked Developing Countries,,1988,12821
Land Locked Developing Countries,,1989,12301
Land Locked Developing Countries,,1990,13619
Land Locked Developing Countries,,1991,13634
Land Locked Developing Countries,,1992,13688
Land Locked Developing Countries,,1993,12360
Land Locked Developing Countries,,1994,12944
Land Locked Developing Countries,,1995,11020
Land Locked Developing Countries,,1996,7115
Land Locked Developing Countries,,1997,7667
Land Locked Developing Countries,,1998,6242
Land Locked Developing Countries,,1999,7606
Land Locked Developing Countries,,2000,6856
Land Locked Developing Countries,,2001,6796
Land Locked Developing Countries,,2002,6050
Land Locked Developing Countries,,2003,6500
Land Locked Developing Countries,,2004,7232
Land Locked Developing Countries,,2005,8803
Land Locked Developing Countries,,2006,11884
Land Locked Developing Countries,,2007,16035
Land Locked Developing Countries,,2008,17205
Land Locked Developing Countries,,2009,16261
Land Locked Developing Countries,,2010,15578
Land Locked Developing Countries,,2011,14069
Land Locked Developing Countries,,2012,14343
Land Locked Developing Countries,,2013,20218
Land Locked Developing Countries,,2014,22766
Land Locked Developing Countries,,2015,21280
Land Locked Developing Countries,,2016,29095
Land Locked Developing Countries,,2017,27601
Land Locked Developing Countries,,2018,27271
Least Developed Countries,,1961,377690
Least Developed Countries,,1962,385306
Least Developed Countries,,1963,383354
Least Developed Countries,,1964,376322
Least Developed Countries,,1965,329927
Least Developed Countries,,1966,342449
Least Developed Countries,,1967,380207
Least Developed Countries,,1968,430451
Least Developed Countries,,1969,450096
Least Developed Countries,,1970,434779
Least Developed Countries,,1971,411657
Least Developed Countries,,1972,380590
Least Developed Countries,,1973,372609
Least Developed Countries,,1974,376620
Least Developed Countries,,1975,401462
Least Developed Countries,,1976,396790
Least Developed Countries,,1977,382061
Least Developed Countries,,1978,387811
Least Developed Countries,,1979,393460
Least Developed Countries,,1980,404813
Least Developed Countries,,1981,397941
Least Developed Countries,,1982,395338
Least Developed Countries,,1983,390742
Least Developed Countries,,1984,402787
Least Developed Countries,,1985,409298
Least Developed Countries,,1986,387352
Least Developed Countries,,1987,397159
Least Developed Countries,,1988,411964
Least Developed Countries,,1989,410556
Least Developed Countries,,1990,415762
Least Developed Countries,,1991,422418
Least Developed Countries,,1992,425992
Least Developed Countries,,1993,435010
Least Developed Countries,,1994,424372
Least Developed Countries,,1995,448110
Least Developed Countries,,1996,448998
Least Developed Countries,,1997,437816
Least Developed Countries,,1998,429747
Least Developed Countries,,1999,427094
Least Developed Countries,,2000,452030
Least Developed Countries,,2001,454206
Least Developed Countries,,2002,451771
Least Developed Countries,,2003,455054
Least Developed Countries,,2004,464124
Least Developed Countries,,2005,468932
Least Developed Countries,,2006,485416
Least Developed Countries,,2007,501625
Least Developed Countries,,2008,502313
Least Developed Countries,,2009,504751
Least Developed Countries,,2010,520436
Least Developed Countries,,2011,610669
Least Developed Countries,,2012,398793
Least Developed Countries,,2013,432268
Least Developed Countries,,2014,450941
Least Developed Countries,,2015,465456
Least Developed Countries,,2016,488385
Least Developed Countries,,2017,516781
Least Developed Countries,,2018,527588
Liberia,LBR,1961,7000
Liberia,LBR,1962,8000
Liberia,LBR,1963,10000
Liberia,LBR,1964,10000
Liberia,LBR,1965,13000
Liberia,LBR,1966,13000
Liberia,LBR,1967,13500
Liberia,LBR,1968,13500
Liberia,LBR,1969,13700
Liberia,LBR,1970,13750
Liberia,LBR,1971,15000
Liberia,LBR,1972,16000
Liberia,LBR,1973,17000
Liberia,LBR,1974,19000
Liberia,LBR,1975,23000
Liberia,LBR,1976,24000
Liberia,LBR,1977,25000
Liberia,LBR,1978,25000
Liberia,LBR,1979,26000
Liberia,LBR,1980,27000
Liberia,LBR,1981,25000
Liberia,LBR,1982,30000
Liberia,LBR,1983,30000
Liberia,LBR,1984,34000
Liberia,LBR,1985,34000
Liberia,LBR,1986,30000
Liberia,LBR,1987,27500
Liberia,LBR,1988,26000
Liberia,LBR,1989,25000
Liberia,LBR,1990,23500
Liberia,LBR,1991,35000
Liberia,LBR,1992,35000
Liberia,LBR,1993,35000
Liberia,LBR,1994,36000
Liberia,LBR,1995,35000
Liberia,LBR,1996,32915
Liberia,LBR,1997,42000
Liberia,LBR,1998,42000
Liberia,LBR,1999,42000
Liberia,LBR,2000,42000
Liberia,LBR,2001,42000
Liberia,LBR,2002,42000
Liberia,LBR,2003,42000
Liberia,LBR,2004,42000
Liberia,LBR,2005,42000
Liberia,LBR,2006,42000
Liberia,LBR,2007,42000
Liberia,LBR,2008,42000
Liberia,LBR,2009,42000
Liberia,LBR,2010,42000
Liberia,LBR,2011,42000
Liberia,LBR,2012,42000
Liberia,LBR,2013,42000
Liberia,LBR,2014,43656
Liberia,LBR,2015,42440
Liberia,LBR,2016,42250
Liberia,LBR,2017,42200
Liberia,LBR,2018,42490
Low Income Food Deficit Countries,,1961,418482
Low Income Food Deficit Countries,,1962,425406
Low Income Food Deficit Countries,,1963,447504
Low Income Food Deficit Countries,,1964,438922
Low Income Food Deficit Countries,,1965,413677
Low Income Food Deficit Countries,,1966,397449
Low Income Food Deficit Countries,,1967,457707
Low Income Food Deficit Countries,,1968,511821
Low Income Food Deficit Countries,,1969,524596
Low Income Food Deficit Countries,,1970,546779
Low Income Food Deficit Countries,,1971,534257
Low Income Food Deficit Countries,,1972,536090
Low Income Food Deficit Countries,,1973,537009
Low Income Food Deficit Countries,,1974,593720
Low Income Food Deficit Countries,,1975,634762
Low Income Food Deficit Countries,,1976,608890
Low Income Food Deficit Countries,,1977,585861
Low Income Food Deficit Countries,,1978,617311
Low Income Food Deficit Countries,,1979,598460
Low Income Food Deficit Countries,,1980,677913
Low Income Food Deficit Countries,,1981,622885
Low Income Food Deficit Countries,,1982,639623
Low Income Food Deficit Countries,,1983,621928
Low Income Food Deficit Countries,,1984,658931
Low Income Food Deficit Countries,,1985,697282
Low Income Food Deficit Countries,,1986,726724
Low Income Food Deficit Countries,,1987,738026
Low Income Food Deficit Countries,,1988,735956
Low Income Food Deficit Countries,,1989,808178
Low Income Food Deficit Countries,,1990,890060
Low Income Food Deficit Countries,,1991,877435
Low Income Food Deficit Countries,,1992,905033
Low Income Food Deficit Countries,,1993,906811
Low Income Food Deficit Countries,,1994,907259
Low Income Food Deficit Countries,,1995,925299
Low Income Food Deficit Countries,,1996,966534
Low Income Food Deficit Countries,,1997,887442
Low Income Food Deficit Countries,,1998,917620
Low Income Food Deficit Countries,,1999,929291
Low Income Food Deficit Countries,,2000,935611
Low Income Food Deficit Countries,,2001,896278
Low Income Food Deficit Countries,,2002,942081
Low Income Food Deficit Countries,,2003,925634
Low Income Food Deficit Countries,,2004,1023105
Low Income Food Deficit Countries,,2005,994857
Low Income Food Deficit Countries,,2006,1072034
Low Income Food Deficit Countries,,2007,1106906
Low Income Food Deficit Countries,,2008,1146558
Low Income Food Deficit Countries,,2009,1198951
Low Income Food Deficit Countries,,2010,1308826
Low Income Food Deficit Countries,,2011,1446295
Low Income Food Deficit Countries,,2012,1150413
Low Income Food Deficit Countries,,2013,1175018
Low Income Food Deficit Countries,,2014,1219496
Low Income Food Deficit Countries,,2015,1247972
Low Income Food Deficit Countries,,2016,1454368
Low Income Food Deficit Countries,,2017,1534248
Low Income Food Deficit Countries,,2018,1550508
Madagascar,MDG,1973,430
Madagascar,MDG,1974,925
Madagascar,MDG,1975,2700
Madagascar,MDG,1976,1035
Madagascar,MDG,1977,2285
Madagascar,MDG,1978,2300
Madagascar,MDG,1979,2300
Madagascar,MDG,1980,1885
Madagascar,MDG,1981,2010
Madagascar,MDG,1982,2700
Madagascar,MDG,1983,2700
Madagascar,MDG,1984,2800
Madagascar,MDG,1985,2900
Madagascar,MDG,1986,3000
Madagascar,MDG,1987,3200
Madagascar,MDG,1988,3400
Madagascar,MDG,1989,3600
Madagascar,MDG,1990,3800
Madagascar,MDG,1991,3800
Madagascar,MDG,1992,3850
Madagascar,MDG,1993,4000
Madagascar,MDG,1994,3400
Madagascar,MDG,1995,3600
Madagascar,MDG,1996,3400
Madagascar,MDG,1997,3500
Madagascar,MDG,1998,3500
Madagascar,MDG,1999,3700
Madagascar,MDG,2000,3500
Madagascar,MDG,2001,3182
Madagascar,MDG,2002,3499
Madagascar,MDG,2003,3575
Madagascar,MDG,2004,3607
Madagascar,MDG,2005,3594
Madagascar,MDG,2006,3482
Madagascar,MDG,2007,3841
Madagascar,MDG,2008,4131
Madagascar,MDG,2009,4021
Madagascar,MDG,2010,4100
Madagascar,MDG,2011,4200
Madagascar,MDG,2012,4300
Madagascar,MDG,2013,4200
Madagascar,MDG,2014,4236
Madagascar,MDG,2015,4174
Madagascar,MDG,2016,4185
Madagascar,MDG,2017,4182
Madagascar,MDG,2018,4178
Malaysia,MYS,1961,94846
Malaysia,MYS,1962,108171
Malaysia,MYS,1963,125691
Malaysia,MYS,1964,122913
Malaysia,MYS,1965,150411
Malaysia,MYS,1966,189687
Malaysia,MYS,1967,225758
Malaysia,MYS,1968,282984
Malaysia,MYS,1969,352096
Malaysia,MYS,1970,431069
Malaysia,MYS,1971,580389
Malaysia,MYS,1972,718580
Malaysia,MYS,1973,812614
Malaysia,MYS,1974,1045975
Malaysia,MYS,1975,1257573
Malaysia,MYS,1976,1391965
Malaysia,MYS,1977,1612747
Malaysia,MYS,1978,1785525
Malaysia,MYS,1979,2188699
Malaysia,MYS,1980,2573173
Malaysia,MYS,1981,2822144
Malaysia,MYS,1982,3510920
Malaysia,MYS,1983,3016481
Malaysia,MYS,1984,3714795
Malaysia,MYS,1985,4134463
Malaysia,MYS,1986,4542249
Malaysia,MYS,1987,4531960
Malaysia,MYS,1988,5027496
Malaysia,MYS,1989,6056501
Malaysia,MYS,1990,6094622
Malaysia,MYS,1991,6141353
Malaysia,MYS,1992,6373460
Malaysia,MYS,1993,7402930
Malaysia,MYS,1994,7220630
Malaysia,MYS,1995,7810546
Malaysia,MYS,1996,8385890
Malaysia,MYS,1997,9068730
Malaysia,MYS,1998,8319680
Malaysia,MYS,1999,10553918
Malaysia,MYS,2000,10842095
Malaysia,MYS,2001,11803788
Malaysia,MYS,2002,11909298
Malaysia,MYS,2003,13354769
Malaysia,MYS,2004,13976182
Malaysia,MYS,2005,14961654
Malaysia,MYS,2006,15880786
Malaysia,MYS,2007,15823745
Malaysia,MYS,2008,17734442
Malaysia,MYS,2009,17564938
Malaysia,MYS,2010,16993717
Malaysia,MYS,2011,18911520
Malaysia,MYS,2012,18785030
Malaysia,MYS,2013,19216459
Malaysia,MYS,2014,19667016
Malaysia,MYS,2015,19961581
Malaysia,MYS,2016,17319177
Malaysia,MYS,2017,19919333
Malaysia,MYS,2018,19516100
Melanesia,OWID_MNS,1961,200
Melanesia,OWID_MNS,1962,200
Melanesia,OWID_MNS,1963,200
Melanesia,OWID_MNS,1964,200
Melanesia,OWID_MNS,1965,200
Melanesia,OWID_MNS,1966,200
Melanesia,OWID_MNS,1967,200
Melanesia,OWID_MNS,1968,200
Melanesia,OWID_MNS,1969,400
Melanesia,OWID_MNS,1970,400
Melanesia,OWID_MNS,1971,1500
Melanesia,OWID_MNS,1972,5500
Melanesia,OWID_MNS,1973,10500
Melanesia,OWID_MNS,1974,11000
Melanesia,OWID_MNS,1975,22300
Melanesia,OWID_MNS,1976,34535
Melanesia,OWID_MNS,1977,37044
Melanesia,OWID_MNS,1978,40911
Melanesia,OWID_MNS,1979,48010
Melanesia,OWID_MNS,1980,49228
Melanesia,OWID_MNS,1981,68081
Melanesia,OWID_MNS,1982,99238
Melanesia,OWID_MNS,1983,103654
Melanesia,OWID_MNS,1984,140666
Melanesia,OWID_MNS,1985,143000
Melanesia,OWID_MNS,1986,146560
Melanesia,OWID_MNS,1987,142999
Melanesia,OWID_MNS,1988,125227
Melanesia,OWID_MNS,1989,153090
Melanesia,OWID_MNS,1990,167104
Melanesia,OWID_MNS,1991,202518
Melanesia,OWID_MNS,1992,232854
Melanesia,OWID_MNS,1993,253786
Melanesia,OWID_MNS,1994,254537
Melanesia,OWID_MNS,1995,252974
Melanesia,OWID_MNS,1996,300486
Melanesia,OWID_MNS,1997,277745
Melanesia,OWID_MNS,1998,312077
Melanesia,OWID_MNS,1999,330000
Melanesia,OWID_MNS,2000,371000
Melanesia,OWID_MNS,2001,365000
Melanesia,OWID_MNS,2002,350000
Melanesia,OWID_MNS,2003,359000
Melanesia,OWID_MNS,2004,379000
Melanesia,OWID_MNS,2005,345000
Melanesia,OWID_MNS,2006,401000
Melanesia,OWID_MNS,2007,419400
Melanesia,OWID_MNS,2008,504000
Melanesia,OWID_MNS,2009,503100
Melanesia,OWID_MNS,2010,528600
Melanesia,OWID_MNS,2011,611600
Melanesia,OWID_MNS,2012,518000
Melanesia,OWID_MNS,2013,537000
Melanesia,OWID_MNS,2014,561000
Melanesia,OWID_MNS,2015,539000
Melanesia,OWID_MNS,2016,564000
Melanesia,OWID_MNS,2017,688000
Melanesia,OWID_MNS,2018,665000
Mexico,MEX,1961,20240
Mexico,MEX,1962,23400
Mexico,MEX,1963,18800
Mexico,MEX,1964,20600
Mexico,MEX,1965,20700
Mexico,MEX,1966,20800
Mexico,MEX,1967,18500
Mexico,MEX,1968,20200
Mexico,MEX,1969,14900
Mexico,MEX,1970,11200
Mexico,MEX,1971,12000
Mexico,MEX,1972,10087
Mexico,MEX,1973,10500
Mexico,MEX,1974,10900
Mexico,MEX,1975,8300
Mexico,MEX,1976,11900
Mexico,MEX,1977,6000
Mexico,MEX,1978,6000
Mexico,MEX,1979,7000
Mexico,MEX,1980,6700
Mexico,MEX,1981,4000
Mexico,MEX,1982,2000
Mexico,MEX,1983,2000
Mexico,MEX,1984,1500
Mexico,MEX,1985,1500
Mexico,MEX,1986,1500
Mexico,MEX,1987,2000
Mexico,MEX,1988,1800
Mexico,MEX,1989,1800
Mexico,MEX,1990,4500
Mexico,MEX,1991,3000
Mexico,MEX,1992,3286
Mexico,MEX,1993,7700
Mexico,MEX,1994,5000
Mexico,MEX,1995,5700
Mexico,MEX,1996,7200
Mexico,MEX,1997,6500
Mexico,MEX,1998,12350
Mexico,MEX,1999,18000
Mexico,MEX,2000,26200
Mexico,MEX,2001,34000
Mexico,MEX,2002,36000
Mexico,MEX,2003,39500
Mexico,MEX,2004,41000
Mexico,MEX,2005,42600
Mexico,MEX,2006,50000
Mexico,MEX,2007,57000
Mexico,MEX,2008,62000
Mexico,MEX,2009,65000
Mexico,MEX,2010,68000
Mexico,MEX,2011,73000
Mexico,MEX,2012,75000
Mexico,MEX,2013,77000
Mexico,MEX,2014,83000
Mexico,MEX,2015,87000
Mexico,MEX,2016,90000
Mexico,MEX,2017,96000
Mexico,MEX,2018,115000
Middle Africa,,1961,315582
Middle Africa,,1962,322006
Middle Africa,,1963,327091
Middle Africa,,1964,319831
Middle Africa,,1965,274866
Middle Africa,,1966,269764
Middle Africa,,1967,322769
Middle Africa,,1968,368367
Middle Africa,,1969,372937
Middle Africa,,1970,358952
Middle Africa,,1971,346979
Middle Africa,,1972,337454
Middle Africa,,1973,330553
Middle Africa,,1974,323539
Middle Africa,,1975,328842
Middle Africa,,1976,300900
Middle Africa,,1977,293932
Middle Africa,,1978,313000
Middle Africa,,1979,311500
Middle Africa,,1980,320200
Middle Africa,,1981,301194
Middle Africa,,1982,292985
Middle Africa,,1983,279174
Middle Africa,,1984,299933
Middle Africa,,1985,328636
Middle Africa,,1986,328732
Middle Africa,,1987,335946
Middle Africa,,1988,352913
Middle Africa,,1989,399924
Middle Africa,,1990,412207
Middle Africa,,1991,384896
Middle Africa,,1992,374792
Middle Africa,,1993,380899
Middle Africa,,1994,371272
Middle Africa,,1995,396084
Middle Africa,,1996,426518
Middle Africa,,1997,384476
Middle Africa,,1998,388675
Middle Africa,,1999,380531
Middle Africa,,2000,384883
Middle Africa,,2001,386967
Middle Africa,,2002,407850
Middle Africa,,2003,417359
Middle Africa,,2004,432642
Middle Africa,,2005,462416
Middle Africa,,2006,476702
Middle Africa,,2007,494835
Middle Africa,,2008,495852
Middle Africa,,2009,516550
Middle Africa,,2010,608050
Middle Africa,,2011,721506
Middle Africa,,2012,364470
Middle Africa,,2013,378590
Middle Africa,,2014,387634
Middle Africa,,2015,412011
Middle Africa,,2016,419187
Middle Africa,,2017,448381
Middle Africa,,2018,460570
Net Food Importing Developing Countries,,1961,395850
Net Food Importing Developing Countries,,1962,402614
Net Food Importing Developing Countries,,1963,402809
Net Food Importing Developing Countries,,1964,397372
Net Food Importing Developing Countries,,1965,354077
Net Food Importing Developing Countries,,1966,365744
Net Food Importing Developing Countries,,1967,407027
Net Food Importing Developing Countries,,1968,460151
Net Food Importing Developing Countries,,1969,485821
Net Food Importing Developing Countries,,1970,492889
Net Food Importing Developing Countries,,1971,480832
Net Food Importing Developing Countries,,1972,482650
Net Food Importing Developing Countries,,1973,482959
Net Food Importing Developing Countries,,1974,533435
Net Food Importing Developing Countries,,1975,566612
Net Food Importing Developing Countries,,1976,558800
Net Food Importing Developing Countries,,1977,530341
Net Food Importing Developing Countries,,1978,550453
Net Food Importing Developing Countries,,1979,542859
Net Food Importing Developing Countries,,1980,617099
Net Food Importing Developing Countries,,1981,583926
Net Food Importing Developing Countries,,1982,607024
Net Food Importing Developing Countries,,1983,609335
Net Food Importing Developing Countries,,1984,639652
Net Food Importing Developing Countries,,1985,648649
Net Food Importing Developing Countries,,1986,686030
Net Food Importing Developing Countries,,1987,712408
Net Food Importing Developing Countries,,1988,701894
Net Food Importing Developing Countries,,1989,710225
Net Food Importing Developing Countries,,1990,787098
Net Food Importing Developing Countries,,1991,807712
Net Food Importing Developing Countries,,1992,849183
Net Food Importing Developing Countries,,1993,867997
Net Food Importing Developing Countries,,1994,869527
Net Food Importing Developing Countries,,1995,893803
Net Food Importing Developing Countries,,1996,930923
Net Food Importing Developing Countries,,1997,882285
Net Food Importing Developing Countries,,1998,894656
Net Food Importing Developing Countries,,1999,927022
Net Food Importing Developing Countries,,2000,937399
Net Food Importing Developing Countries,,2001,919835
Net Food Importing Developing Countries,,2002,942219
Net Food Importing Developing Countries,,2003,941791
Net Food Importing Developing Countries,,2004,1057080
Net Food Importing Developing Countries,,2005,1070340
Net Food Importing Developing Countries,,2006,1161121
Net Food Importing Developing Countries,,2007,1198544
Net Food Importing Developing Countries,,2008,1277189
Net Food Importing Developing Countries,,2009,1310947
Net Food Importing Developing Countries,,2010,1367978
Net Food Importing Developing Countries,,2011,1503407
Net Food Importing Developing Countries,,2012,1381501
Net Food Importing Developing Countries,,2013,1434813
Net Food Importing Developing Countries,,2014,1508202
Net Food Importing Developing Countries,,2015,1567689
Net Food Importing Developing Countries,,2016,1742584
Net Food Importing Developing Countries,,2017,1876031
Net Food Importing Developing Countries,,2018,1840738
Nicaragua,NIC,1968,1500
Nicaragua,NIC,1969,1500
Nicaragua,NIC,1970,1500
Nicaragua,NIC,1971,1500
Nicaragua,NIC,1972,1500
Nicaragua,NIC,1973,2000
Nicaragua,NIC,1974,2000
Nicaragua,NIC,1975,2000
Nicaragua,NIC,1976,2000
Nicaragua,NIC,1977,2000
Nicaragua,NIC,1978,3000
Nicaragua,NIC,1979,3000
Nicaragua,NIC,1980,3000
Nicaragua,NIC,1981,3000
Nicaragua,NIC,1982,3000
Nicaragua,NIC,1983,3200
Nicaragua,NIC,1984,3200
Nicaragua,NIC,1985,3200
Nicaragua,NIC,1986,3280
Nicaragua,NIC,1987,3360
Nicaragua,NIC,1988,3450
Nicaragua,NIC,1989,3520
Nicaragua,NIC,1990,3680
Nicaragua,NIC,1991,3750
Nicaragua,NIC,1992,2933
Nicaragua,NIC,1993,4000
Nicaragua,NIC,1994,6000
Nicaragua,NIC,1995,6200
Nicaragua,NIC,1996,7500
Nicaragua,NIC,1997,8000
Nicaragua,NIC,1998,8000
Nicaragua,NIC,1999,8000
Nicaragua,NIC,2000,8200
Nicaragua,NIC,2001,8000
Nicaragua,NIC,2002,8000
Nicaragua,NIC,2003,8000
Nicaragua,NIC,2004,8400
Nicaragua,NIC,2005,8600
Nicaragua,NIC,2006,8800
Nicaragua,NIC,2007,9000
Nicaragua,NIC,2008,9500
Nicaragua,NIC,2009,11000
Nicaragua,NIC,2010,13000
Nicaragua,NIC,2011,13000
Nicaragua,NIC,2012,13000
Nicaragua,NIC,2013,30000
Nicaragua,NIC,2014,42000
Nicaragua,NIC,2015,40000
Nicaragua,NIC,2016,51700
Nicaragua,NIC,2017,73000
Nicaragua,NIC,2018,90000
Nigeria,NGA,1961,669000
Nigeria,NGA,1962,640000
Nigeria,NGA,1963,657000
Nigeria,NGA,1964,676000
Nigeria,NGA,1965,687000
Nigeria,NGA,1966,713000
Nigeria,NGA,1967,601000
Nigeria,NGA,1968,599000
Nigeria,NGA,1969,621000
Nigeria,NGA,1970,488000
Nigeria,NGA,1971,500000
Nigeria,NGA,1972,460000
Nigeria,NGA,1973,430000
Nigeria,NGA,1974,485000
Nigeria,NGA,1975,500000
Nigeria,NGA,1976,525000
Nigeria,NGA,1977,528000
Nigeria,NGA,1978,530000
Nigeria,NGA,1979,650000
Nigeria,NGA,1980,650000
Nigeria,NGA,1981,530000
Nigeria,NGA,1982,500000
Nigeria,NGA,1983,500000
Nigeria,NGA,1984,500000
Nigeria,NGA,1985,615000
Nigeria,NGA,1986,650000
Nigeria,NGA,1987,715000
Nigeria,NGA,1988,700000
Nigeria,NGA,1989,700000
Nigeria,NGA,1990,730000
Nigeria,NGA,1991,760000
Nigeria,NGA,1992,792000
Nigeria,NGA,1993,825000
Nigeria,NGA,1994,837000
Nigeria,NGA,1995,860000
Nigeria,NGA,1996,776000
Nigeria,NGA,1997,810000
Nigeria,NGA,1998,845000
Nigeria,NGA,1999,896000
Nigeria,NGA,2000,899000
Nigeria,NGA,2001,903000
Nigeria,NGA,2002,961000
Nigeria,NGA,2003,1022000
Nigeria,NGA,2004,1094000
Nigeria,NGA,2005,1170000
Nigeria,NGA,2006,1287000
Nigeria,NGA,2007,1309000
Nigeria,NGA,2008,1330000
Nigeria,NGA,2009,1233050
Nigeria,NGA,2010,970820
Nigeria,NGA,2011,930000
Nigeria,NGA,2012,940000
Nigeria,NGA,2013,880000
Nigeria,NGA,2014,910000
Nigeria,NGA,2015,940000
Nigeria,NGA,2016,960000
Nigeria,NGA,2017,1000000
Nigeria,NGA,2018,1050000
Northern Europe,,2014,0
Northern Europe,,2015,0
Northern Europe,,2016,0
Northern Europe,,2017,0
Northern Europe,,2018,0
Norway,NOR,2014,0
Norway,NOR,2015,0
Norway,NOR,2016,0
Norway,NOR,2017,0
Norway,NOR,2018,0
Oceania,,1961,200
Oceania,,1962,200
Oceania,,1963,200
Oceania,,1964,200
Oceania,,1965,200
Oceania,,1966,200
Oceania,,1967,200
Oceania,,1968,200
Oceania,,1969,400
Oceania,,1970,400
Oceania,,1971,1500
Oceania,,1972,5500
Oceania,,1973,10500
Oceania,,1974,11000
Oceania,,1975,22300
Oceania,,1976,34535
Oceania,,1977,37044
Oceania,,1978,40911
Oceania,,1979,48010
Oceania,,1980,49228
Oceania,,1981,68081
Oceania,,1982,99238
Oceania,,1983,103654
Oceania,,1984,140666
Oceania,,1985,143000
Oceania,,1986,146560
Oceania,,1987,142999
Oceania,,1988,125227
Oceania,,1989,153090
Oceania,,1990,167104
Oceania,,1991,202518
Oceania,,1992,232854
Oceania,,1993,253786
Oceania,,1994,254537
Oceania,,1995,252974
Oceania,,1996,300486
Oceania,,1997,277745
Oceania,,1998,312077
Oceania,,1999,330000
Oceania,,2000,371000
Oceania,,2001,365000
Oceania,,2002,350000
Oceania,,2003,359000
Oceania,,2004,379000
Oceania,,2005,345000
Oceania,,2006,401000
Oceania,,2007,419400
Oceania,,2008,504000
Oceania,,2009,503100
Oceania,,2010,528600
Oceania,,2011,611600
Oceania,,2012,518000
Oceania,,2013,537000
Oceania,,2014,561000
Oceania,,2015,539000
Oceania,,2016,564000
Oceania,,2017,688000
Oceania,,2018,665000
Panama,PAN,1997,0
Panama,PAN,1998,0
Panama,PAN,1999,0
Panama,PAN,2000,0
Panama,PAN,2001,0
Panama,PAN,2002,0
Panama,PAN,2003,0
Panama,PAN,2004,0
Panama,PAN,2005,0
Panama,PAN,2006,0
Panama,PAN,2007,15306
Panama,PAN,2008,12818
Panama,PAN,2009,15528
Panama,PAN,2010,12218
Panama,PAN,2011,10425
Panama,PAN,2012,6603
Panama,PAN,2013,2835
Panama,PAN,2014,22599
Panama,PAN,2015,18082
Panama,PAN,2016,17371
Panama,PAN,2017,18124
Panama,PAN,2018,17900
Papua New Guinea,PNG,1971,1000
Papua New Guinea,PNG,1972,5000
Papua New Guinea,PNG,1973,10000
Papua New Guinea,PNG,1974,10000
Papua New Guinea,PNG,1975,20000
Papua New Guinea,PNG,1976,30000
Papua New Guinea,PNG,1977,30000
Papua New Guinea,PNG,1978,30000
Papua New Guinea,PNG,1979,35000
Papua New Guinea,PNG,1980,35000
Papua New Guinea,PNG,1981,50000
Papua New Guinea,PNG,1982,80000
Papua New Guinea,PNG,1983,84000
Papua New Guinea,PNG,1984,121000
Papua New Guinea,PNG,1985,123000
Papua New Guinea,PNG,1986,132000
Papua New Guinea,PNG,1987,131000
Papua New Guinea,PNG,1988,110000
Papua New Guinea,PNG,1989,133000
Papua New Guinea,PNG,1990,145000
Papua New Guinea,PNG,1991,180000
Papua New Guinea,PNG,1992,202000
Papua New Guinea,PNG,1993,222800
Papua New Guinea,PNG,1994,224800
Papua New Guinea,PNG,1995,223412
Papua New Guinea,PNG,1996,271806
Papua New Guinea,PNG,1997,248882
Papua New Guinea,PNG,1998,283000
Papua New Guinea,PNG,1999,299000
Papua New Guinea,PNG,2000,336000
Papua New Guinea,PNG,2001,329000
Papua New Guinea,PNG,2002,316000
Papua New Guinea,PNG,2003,326000
Papua New Guinea,PNG,2004,345000
Papua New Guinea,PNG,2005,310000
Papua New Guinea,PNG,2006,365000
Papua New Guinea,PNG,2007,382000
Papua New Guinea,PNG,2008,465000
Papua New Guinea,PNG,2009,478000
Papua New Guinea,PNG,2010,500000
Papua New Guinea,PNG,2011,580000
Papua New Guinea,PNG,2012,485000
Papua New Guinea,PNG,2013,500000
Papua New Guinea,PNG,2014,525000
Papua New Guinea,PNG,2015,500000
Papua New Guinea,PNG,2016,530000
Papua New Guinea,PNG,2017,650000
Papua New Guinea,PNG,2018,630000
Paraguay,PRY,1961,2500
Paraguay,PRY,1962,3600
Paraguay,PRY,1963,4700
Paraguay,PRY,1964,5929
Paraguay,PRY,1965,5021
Paraguay,PRY,1966,4544
Paraguay,PRY,1967,4188
Paraguay,PRY,1968,5634
Paraguay,PRY,1969,6335
Paraguay,PRY,1970,6976
Paraguay,PRY,1971,7202
Paraguay,PRY,1972,7635
Paraguay,PRY,1973,4262
Paraguay,PRY,1974,6248
Paraguay,PRY,1975,3854
Paraguay,PRY,1976,4589
Paraguay,PRY,1977,4959
Paraguay,PRY,1978,4281
Paraguay,PRY,1979,4877
Paraguay,PRY,1980,5118
Paraguay,PRY,1981,4638
Paraguay,PRY,1982,6485
Paraguay,PRY,1983,3416
Paraguay,PRY,1984,5000
Paraguay,PRY,1985,4695
Paraguay,PRY,1986,4880
Paraguay,PRY,1987,3619
Paraguay,PRY,1988,3691
Paraguay,PRY,1989,3700
Paraguay,PRY,1990,3955
Paraguay,PRY,1991,5376
Paraguay,PRY,1992,5728
Paraguay,PRY,1993,3800
Paraguay,PRY,1994,4524
Paraguay,PRY,1995,2400
Paraguay,PRY,1996,2570
Paraguay,PRY,1997,2234
Paraguay,PRY,1998,2216
Paraguay,PRY,1999,2750
Paraguay,PRY,2000,2913
Paraguay,PRY,2001,3650
Paraguay,PRY,2002,2760
Paraguay,PRY,2003,2800
Paraguay,PRY,2004,2770
Paraguay,PRY,2005,2485
Paraguay,PRY,2006,2584
Paraguay,PRY,2007,3135
Paraguay,PRY,2008,3128
Paraguay,PRY,2009,3344
Paraguay,PRY,2010,3800
Paraguay,PRY,2011,4000
Paraguay,PRY,2012,4000
Paraguay,PRY,2013,4000
Paraguay,PRY,2014,3898
Paraguay,PRY,2015,3973
Paraguay,PRY,2016,3930
Paraguay,PRY,2017,3940
Paraguay,PRY,2018,3960
Peru,PER,1975,650
Peru,PER,1976,660
Peru,PER,1977,3380
Peru,PER,1978,4392
Peru,PER,1979,4429
Peru,PER,1980,5239
Peru,PER,1981,6395
Peru,PER,1982,5898
Peru,PER,1983,7754
Peru,PER,1984,10000
Peru,PER,1985,10000
Peru,PER,1986,13200
Peru,PER,1987,19000
Peru,PER,1988,25000
Peru,PER,1989,22500
Peru,PER,1990,25700
Peru,PER,1991,23100
Peru,PER,1992,25000
Peru,PER,1993,30000
Peru,PER,1994,29000
Peru,PER,1995,32200
Peru,PER,1996,32500
Peru,PER,1997,33000
Peru,PER,1998,33500
Peru,PER,1999,35000
Peru,PER,2000,24500
Peru,PER,2001,30800
Peru,PER,2002,23800
Peru,PER,2003,27000
Peru,PER,2004,28000
Peru,PER,2005,29000
Peru,PER,2006,32000
Peru,PER,2007,34000
Peru,PER,2008,59000
Peru,PER,2009,65000
Peru,PER,2010,70000
Peru,PER,2011,87000
Peru,PER,2012,104000
Peru,PER,2013,122000
Peru,PER,2014,128000
Peru,PER,2015,142000
Peru,PER,2016,156000
Peru,PER,2017,160000
Peru,PER,2018,188000
Philippines,PHL,1961,280
Philippines,PHL,1962,280
Philippines,PHL,1963,280
Philippines,PHL,1964,280
Philippines,PHL,1965,280
Philippines,PHL,1966,550
Philippines,PHL,1967,550
Philippines,PHL,1968,550
Philippines,PHL,1969,1100
Philippines,PHL,1970,2200
Philippines,PHL,1971,2750
Philippines,PHL,1972,5500
Philippines,PHL,1973,7700
Philippines,PHL,1974,7700
Philippines,PHL,1975,11000
Philippines,PHL,1976,12100
Philippines,PHL,1977,12000
Philippines,PHL,1978,10800
Philippines,PHL,1979,12000
Philippines,PHL,1980,12500
Philippines,PHL,1981,12750
Philippines,PHL,1982,30000
Philippines,PHL,1983,21000
Philippines,PHL,1984,34000
Philippines,PHL,1985,34000
Philippines,PHL,1986,38000
Philippines,PHL,1987,39000
Philippines,PHL,1988,43000
Philippines,PHL,1989,42000
Philippines,PHL,1990,45100
Philippines,PHL,1991,51900
Philippines,PHL,1992,54000
Philippines,PHL,1993,54700
Philippines,PHL,1994,54400
Philippines,PHL,1995,53000
Philippines,PHL,1996,52000
Philippines,PHL,1997,50000
Philippines,PHL,1998,48000
Philippines,PHL,1999,48000
Philippines,PHL,2000,54000
Philippines,PHL,2001,55000
Philippines,PHL,2002,56300
Philippines,PHL,2003,59000
Philippines,PHL,2004,60000
Philippines,PHL,2005,61000
Philippines,PHL,2006,68000
Philippines,PHL,2007,75000
Philippines,PHL,2008,82000
Philippines,PHL,2009,90000
Philippines,PHL,2010,92000
Philippines,PHL,2011,87000
Philippines,PHL,2012,98000
Philippines,PHL,2013,106000
Philippines,PHL,2014,105000
Philippines,PHL,2015,115000
Philippines,PHL,2016,98000
Philippines,PHL,2017,122000
Philippines,PHL,2018,130000
Russia,RUS,2017,454
Russia,RUS,2018,450
Sao Tome and Principe,STP,1961,2000
Sao Tome and Principe,STP,1962,1856
Sao Tome and Principe,STP,1963,1641
Sao Tome and Principe,STP,1964,1372
Sao Tome and Principe,STP,1965,1733
Sao Tome and Principe,STP,1966,1364
Sao Tome and Principe,STP,1967,1169
Sao Tome and Principe,STP,1968,997
Sao Tome and Principe,STP,1969,937
Sao Tome and Principe,STP,1970,952
Sao Tome and Principe,STP,1971,679
Sao Tome and Principe,STP,1972,754
Sao Tome and Principe,STP,1973,653
Sao Tome and Principe,STP,1974,539
Sao Tome and Principe,STP,1975,342
Sao Tome and Principe,STP,1976,500
Sao Tome and Principe,STP,1977,532
Sao Tome and Principe,STP,1978,400
Sao Tome and Principe,STP,1979,300
Sao Tome and Principe,STP,1980,200
Sao Tome and Principe,STP,1981,250
Sao Tome and Principe,STP,1982,200
Sao Tome and Principe,STP,1983,288
Sao Tome and Principe,STP,1984,221
Sao Tome and Principe,STP,1985,278
Sao Tome and Principe,STP,1986,272
Sao Tome and Principe,STP,1987,300
Sao Tome and Principe,STP,1988,97
Sao Tome and Principe,STP,1989,365
Sao Tome and Principe,STP,1990,350
Sao Tome and Principe,STP,1991,923
Sao Tome and Principe,STP,1992,1096
Sao Tome and Principe,STP,1993,1089
Sao Tome and Principe,STP,1994,811
Sao Tome and Principe,STP,1995,719
Sao Tome and Principe,STP,1996,1084
Sao Tome and Principe,STP,1997,1163
Sao Tome and Principe,STP,1998,979
Sao Tome and Principe,STP,1999,1091
Sao Tome and Principe,STP,2000,2025
Sao Tome and Principe,STP,2001,2500
Sao Tome and Principe,STP,2002,2550
Sao Tome and Principe,STP,2003,2600
Sao Tome and Principe,STP,2004,2650
Sao Tome and Principe,STP,2005,2700
Sao Tome and Principe,STP,2006,3000
Sao Tome and Principe,STP,2007,3281
Sao Tome and Principe,STP,2008,3295
Sao Tome and Principe,STP,2009,3400
Sao Tome and Principe,STP,2010,3500
Sao Tome and Principe,STP,2011,3500
Sao Tome and Principe,STP,2012,3500
Sao Tome and Principe,STP,2013,3500
Sao Tome and Principe,STP,2014,3650
Sao Tome and Principe,STP,2015,3813
Sao Tome and Principe,STP,2016,3900
Sao Tome and Principe,STP,2017,4000
Sao Tome and Principe,STP,2018,4100
Senegal,SEN,1961,3700
Senegal,SEN,1962,3800
Senegal,SEN,1963,3900
Senegal,SEN,1964,4000
Senegal,SEN,1965,4100
Senegal,SEN,1966,4200
Senegal,SEN,1967,4300
Senegal,SEN,1968,4400
Senegal,SEN,1969,4500
Senegal,SEN,1970,4600
Senegal,SEN,1971,4800
Senegal,SEN,1972,4900
Senegal,SEN,1973,4000
Senegal,SEN,1974,5300
Senegal,SEN,1975,5400
Senegal,SEN,1976,4000
Senegal,SEN,1977,5700
Senegal,SEN,1978,5800
Senegal,SEN,1979,5900
Senegal,SEN,1980,6000
Senegal,SEN,1981,6100
Senegal,SEN,1982,6000
Senegal,SEN,1983,6000
Senegal,SEN,1984,6000
Senegal,SEN,1985,6000
Senegal,SEN,1986,6000
Senegal,SEN,1987,6000
Senegal,SEN,1988,5200
Senegal,SEN,1989,4300
Senegal,SEN,1990,5200
Senegal,SEN,1991,3400
Senegal,SEN,1992,3583
Senegal,SEN,1993,3641
Senegal,SEN,1994,4300
Senegal,SEN,1995,5900
Senegal,SEN,1996,5200
Senegal,SEN,1997,5176
Senegal,SEN,1998,5500
Senegal,SEN,1999,6140
Senegal,SEN,2000,5600
Senegal,SEN,2001,7621
Senegal,SEN,2002,7031
Senegal,SEN,2003,6000
Senegal,SEN,2004,6608
Senegal,SEN,2005,6691
Senegal,SEN,2006,7387
Senegal,SEN,2007,7100
Senegal,SEN,2008,9190
Senegal,SEN,2009,9363
Senegal,SEN,2010,12408
Senegal,SEN,2011,13000
Senegal,SEN,2012,14000
Senegal,SEN,2013,13700
Senegal,SEN,2014,13843
Senegal,SEN,2015,14600
Senegal,SEN,2016,15200
Senegal,SEN,2017,15600
Senegal,SEN,2018,16000
Sierra Leone,SLE,1961,35000
Sierra Leone,SLE,1962,35000
Sierra Leone,SLE,1963,37000
Sierra Leone,SLE,1964,39000
Sierra Leone,SLE,1965,39000
Sierra Leone,SLE,1966,40000
Sierra Leone,SLE,1967,41000
Sierra Leone,SLE,1968,42000
Sierra Leone,SLE,1969,45000
Sierra Leone,SLE,1970,48000
Sierra Leone,SLE,1971,46400
Sierra Leone,SLE,1972,43500
Sierra Leone,SLE,1973,37800
Sierra Leone,SLE,1974,39000
Sierra Leone,SLE,1975,43100
Sierra Leone,SLE,1976,45200
Sierra Leone,SLE,1977,40600
Sierra Leone,SLE,1978,45000
Sierra Leone,SLE,1979,45000
Sierra Leone,SLE,1980,47000
Sierra Leone,SLE,1981,48000
Sierra Leone,SLE,1982,48000
Sierra Leone,SLE,1983,45500
Sierra Leone,SLE,1984,48500
Sierra Leone,SLE,1985,51000
Sierra Leone,SLE,1986,49300
Sierra Leone,SLE,1987,50000
Sierra Leone,SLE,1988,50700
Sierra Leone,SLE,1989,49300
Sierra Leone,SLE,1990,50000
Sierra Leone,SLE,1991,50700
Sierra Leone,SLE,1992,48000
Sierra Leone,SLE,1993,47000
Sierra Leone,SLE,1994,50264
Sierra Leone,SLE,1995,45238
Sierra Leone,SLE,1996,48000
Sierra Leone,SLE,1997,50800
Sierra Leone,SLE,1998,40000
Sierra Leone,SLE,1999,35560
Sierra Leone,SLE,2000,36000
Sierra Leone,SLE,2001,36000
Sierra Leone,SLE,2002,36000
Sierra Leone,SLE,2003,36000
Sierra Leone,SLE,2004,38300
Sierra Leone,SLE,2005,35560
Sierra Leone,SLE,2006,45000
Sierra Leone,SLE,2007,46200
Sierra Leone,SLE,2008,48000
Sierra Leone,SLE,2009,50000
Sierra Leone,SLE,2010,52000
Sierra Leone,SLE,2011,54000
Sierra Leone,SLE,2012,57000
Sierra Leone,SLE,2013,60000
Sierra Leone,SLE,2014,61000
Sierra Leone,SLE,2015,62000
Sierra Leone,SLE,2016,65000
Sierra Leone,SLE,2017,69000
Sierra Leone,SLE,2018,71000
Small island developing States,,1961,8700
Small island developing States,,1962,8556
Small island developing States,,1963,8341
Small island developing States,,1964,7572
Small island developing States,,1965,7933
Small island developing States,,1966,6564
Small island developing States,,1967,6869
Small island developing States,,1968,7197
Small island developing States,,1969,6337
Small island developing States,,1970,6352
Small island developing States,,1971,7179
Small island developing States,,1972,11254
Small island developing States,,1973,14153
Small island developing States,,1974,16339
Small island developing States,,1975,27267
Small island developing States,,1976,40365
Small island developing States,,1977,45416
Small island developing States,,1978,50115
Small island developing States,,1979,59184
Small island developing States,,1980,59519
Small island developing States,,1981,77053
Small island developing States,,1982,109129
Small island developing States,,1983,115500
Small island developing States,,1984,152027
Small island developing States,,1985,155236
Small island developing States,,1986,156856
Small island developing States,,1987,152009
Small island developing States,,1988,132551
Small island developing States,,1989,164006
Small island developing States,,1990,181828
Small island developing States,,1991,223150
Small island developing States,,1992,256738
Small island developing States,,1993,280575
Small island developing States,,1994,284333
Small island developing States,,1995,283246
Small island developing States,,1996,330860
Small island developing States,,1997,308173
Small island developing States,,1998,342556
Small island developing States,,1999,359241
Small island developing States,,2000,404245
Small island developing States,,2001,398234
Small island developing States,,2002,382766
Small island developing States,,2003,393726
Small island developing States,,2004,414910
Small island developing States,,2005,382459
Small island developing States,,2006,441353
Small island developing States,,2007,461074
Small island developing States,,2008,548865
Small island developing States,,2009,551129
Small island developing States,,2010,579230
Small island developing States,,2011,665335
Small island developing States,,2012,572740
Small island developing States,,2013,592750
Small island developing States,,2014,617853
Small island developing States,,2015,599029
Small island developing States,,2016,626120
Small island developing States,,2017,750220
Small island developing States,,2018,728300
Solomon Islands,SLB,1961,200
Solomon Islands,SLB,1962,200
Solomon Islands,SLB,1963,200
Solomon Islands,SLB,1964,200
Solomon Islands,SLB,1965,200
Solomon Islands,SLB,1966,200
Solomon Islands,SLB,1967,200
Solomon Islands,SLB,1968,200
Solomon Islands,SLB,1969,400
Solomon Islands,SLB,1970,400
Solomon Islands,SLB,1971,500
Solomon Islands,SLB,1972,500
Solomon Islands,SLB,1973,500
Solomon Islands,SLB,1974,1000
Solomon Islands,SLB,1975,2300
Solomon Islands,SLB,1976,4535
Solomon Islands,SLB,1977,7044
Solomon Islands,SLB,1978,10911
Solomon Islands,SLB,1979,13010
Solomon Islands,SLB,1980,14228
Solomon Islands,SLB,1981,18081
Solomon Islands,SLB,1982,19238
Solomon Islands,SLB,1983,19654
Solomon Islands,SLB,1984,19666
Solomon Islands,SLB,1985,20000
Solomon Islands,SLB,1986,14560
Solomon Islands,SLB,1987,11999
Solomon Islands,SLB,1988,15227
Solomon Islands,SLB,1989,20090
Solomon Islands,SLB,1990,22104
Solomon Islands,SLB,1991,22518
Solomon Islands,SLB,1992,30854
Solomon Islands,SLB,1993,30986
Solomon Islands,SLB,1994,29737
Solomon Islands,SLB,1995,29562
Solomon Islands,SLB,1996,28680
Solomon Islands,SLB,1997,28863
Solomon Islands,SLB,1998,29077
Solomon Islands,SLB,1999,31000
Solomon Islands,SLB,2000,35000
Solomon Islands,SLB,2001,36000
Solomon Islands,SLB,2002,34000
Solomon Islands,SLB,2003,33000
Solomon Islands,SLB,2004,34000
Solomon Islands,SLB,2005,35000
Solomon Islands,SLB,2006,36000
Solomon Islands,SLB,2007,37400
Solomon Islands,SLB,2008,39000
Solomon Islands,SLB,2009,25100
Solomon Islands,SLB,2010,28600
Solomon Islands,SLB,2011,31600
Solomon Islands,SLB,2012,33000
Solomon Islands,SLB,2013,37000
Solomon Islands,SLB,2014,36000
Solomon Islands,SLB,2015,39000
Solomon Islands,SLB,2016,34000
Solomon Islands,SLB,2017,38000
Solomon Islands,SLB,2018,35000
South America,,1961,38193
South America,,1962,42676
South America,,1963,44140
South America,,1964,48558
South America,,1965,55712
South America,,1966,55324
South America,,1967,70083
South America,,1968,79225
South America,,1969,70654
South America,,1970,65554
South America,,1971,86602
South America,,1972,90535
South America,,1973,84062
South America,,1974,74855
South America,,1975,65515
South America,,1976,69807
South America,,1977,95279
South America,,1978,103277
South America,,1979,122980
South America,,1980,137315
South America,,1981,155945
South America,,1982,178962
South America,,1983,206367
South America,,1984,235801
South America,,1985,263308
South America,,1986,317850
South America,,1987,341004
South America,,1988,400762
South America,,1989,474489
South America,,1990,503539
South America,,1991,558117
South America,,1992,561392
South America,,1993,595058
South America,,1994,687732
South America,,1995,717393
South America,,1996,756723
South America,,1997,853590
South America,,1998,861862
South America,,1999,853645
South America,,2000,947838
South America,,2001,972937
South America,,2002,992437
South America,,2003,948650
South America,,2004,1127422
South America,,2005,1217535
South America,,2006,1273417
South America,,2007,1372775
South America,,2008,1456263
South America,,2009,1515607
South America,,2010,1497811
South America,,2011,1480811
South America,,2012,1731017
South America,,2013,2012630
South America,,2014,2106384
South America,,2015,2365489
South America,,2016,2317050
South America,,2017,2813812
South America,,2018,2841160
South Eastern Asia,,1961,241426
South Eastern Asia,,1962,250551
South Eastern Asia,,1963,274871
South Eastern Asia,,1964,287793
South Eastern Asia,,1965,307991
South Eastern Asia,,1966,365237
South Eastern Asia,,1967,394607
South Eastern Asia,,1968,465578
South Eastern Asia,,1969,542596
South Eastern Asia,,1970,650696
South Eastern Asia,,1971,833696
South Eastern Asia,,1972,994144
South Eastern Asia,,1973,1111141
South Eastern Asia,,1974,1402501
South Eastern Asia,,1975,1669076
South Eastern Asia,,1976,1839071
South Eastern Asia,,1977,2087354
South Eastern Asia,,1978,2303909
South Eastern Asia,,1979,2853539
South Eastern Asia,,1980,3325745
South Eastern Asia,,1981,3665117
South Eastern Asia,,1982,4477262
South Eastern Asia,,1983,4076020
South Eastern Asia,,1984,4977346
South Eastern Asia,,1985,5500893
South Eastern Asia,,1986,6035978
South Eastern Asia,,1987,6208015
South Eastern Asia,,1988,6944831
South Eastern Asia,,1989,8262455
South Eastern Asia,,1990,8778334
South Eastern Asia,,1991,9084853
South Eastern Asia,,1992,9963710
South Eastern Asia,,1993,11144078
South Eastern Asia,,1994,11583090
South Eastern Asia,,1995,12713216
South Eastern Asia,,1996,13736548
South Eastern Asia,,1997,14953984
South Eastern Asia,,1998,14744900
South Eastern Asia,,1999,17183218
South Eastern Asia,,2000,18475602
South Eastern Asia,,2001,21035650
South Eastern Asia,,2002,22229550
South Eastern Asia,,2003,24718438
South Eastern Asia,,2004,25687409
South Eastern Asia,,2005,27668222
South Eastern Asia,,2006,34466760
South Eastern Asia,,2007,34614558
South Eastern Asia,,2008,36899991
South Eastern Asia,,2009,38366834
South Eastern Asia,,2010,40331346
South Eastern Asia,,2011,44644493
South Eastern Asia,,2012,46697549
South Eastern Asia,,2013,49106463
South Eastern Asia,,2014,50935590
South Eastern Asia,,2015,53010583
South Eastern Asia,,2016,50756550
South Eastern Asia,,2017,57612615
South Eastern Asia,,2018,63022130
Suriname,SUR,1974,300
Suriname,SUR,1975,625
Suriname,SUR,1976,1330
Suriname,SUR,1977,1840
Suriname,SUR,1978,2804
Suriname,SUR,1979,4874
Suriname,SUR,1980,4091
Suriname,SUR,1981,4722
Suriname,SUR,1982,5691
Suriname,SUR,1983,6558
Suriname,SUR,1984,7140
Suriname,SUR,1985,7958
Suriname,SUR,1986,6024
Suriname,SUR,1987,3710
Suriname,SUR,1988,2227
Suriname,SUR,1989,2951
Suriname,SUR,1990,1574
Suriname,SUR,1991,1509
Suriname,SUR,1992,1988
Suriname,SUR,1993,1700
Suriname,SUR,1994,1485
Suriname,SUR,1995,1015
Suriname,SUR,1996,22
Suriname,SUR,1997,17
Suriname,SUR,1998,100
Suriname,SUR,1999,150
Suriname,SUR,2000,220
Suriname,SUR,2001,234
Suriname,SUR,2002,238
Suriname,SUR,2003,236
Suriname,SUR,2004,274
Suriname,SUR,2005,306
Suriname,SUR,2006,333
Suriname,SUR,2007,240
Suriname,SUR,2008,220
Suriname,SUR,2009,229
Suriname,SUR,2010,230
Suriname,SUR,2011,235
Suriname,SUR,2012,240
Suriname,SUR,2013,250
Suriname,SUR,2014,203
Suriname,SUR,2015,216
Suriname,SUR,2016,220
Suriname,SUR,2017,220
Suriname,SUR,2018,200
Tanzania,TZA,1961,700
Tanzania,TZA,1962,800
Tanzania,TZA,1963,813
Tanzania,TZA,1964,800
Tanzania,TZA,1965,794
Tanzania,TZA,1966,885
Tanzania,TZA,1967,938
Tanzania,TZA,1968,1114
Tanzania,TZA,1969,1489
Tanzania,TZA,1970,1580
Tanzania,TZA,1971,1608
Tanzania,TZA,1972,1640
Tanzania,TZA,1973,2000
Tanzania,TZA,1974,2000
Tanzania,TZA,1975,2400
Tanzania,TZA,1976,2400
Tanzania,TZA,1977,2700
Tanzania,TZA,1978,3000
Tanzania,TZA,1979,3200
Tanzania,TZA,1980,3400
Tanzania,TZA,1981,4000
Tanzania,TZA,1982,4200
Tanzania,TZA,1983,4200
Tanzania,TZA,1984,4200
Tanzania,TZA,1985,4320
Tanzania,TZA,1986,4420
Tanzania,TZA,1987,4510
Tanzania,TZA,1988,4610
Tanzania,TZA,1989,4700
Tanzania,TZA,1990,4800
Tanzania,TZA,1991,4945
Tanzania,TZA,1992,4990
Tanzania,TZA,1993,5090
Tanzania,TZA,1994,5180
Tanzania,TZA,1995,5280
Tanzania,TZA,1996,5370
Tanzania,TZA,1997,5280
Tanzania,TZA,1998,5570
Tanzania,TZA,1999,5970
Tanzania,TZA,2000,6140
Tanzania,TZA,2001,6932
Tanzania,TZA,2002,7623
Tanzania,TZA,2003,7789
Tanzania,TZA,2004,7858
Tanzania,TZA,2005,7829
Tanzania,TZA,2006,6150
Tanzania,TZA,2007,6200
Tanzania,TZA,2008,5970
Tanzania,TZA,2009,6400
Tanzania,TZA,2010,8350
Tanzania,TZA,2011,8500
Tanzania,TZA,2012,8650
Tanzania,TZA,2013,8650
Tanzania,TZA,2014,8603
Tanzania,TZA,2015,8534
Tanzania,TZA,2016,8500
Tanzania,TZA,2017,8500
Tanzania,TZA,2018,8500
Thailand,THA,1961,600
Thailand,THA,1962,600
Thailand,THA,1963,600
Thailand,THA,1964,600
Thailand,THA,1965,600
Thailand,THA,1966,600
Thailand,THA,1967,600
Thailand,THA,1968,600
Thailand,THA,1969,600
Thailand,THA,1970,600
Thailand,THA,1971,600
Thailand,THA,1972,600
Thailand,THA,1973,1150
Thailand,THA,1974,1150
Thailand,THA,1975,3250
Thailand,THA,1976,4000
Thailand,THA,1977,5000
Thailand,THA,1978,6300
Thailand,THA,1979,11600
Thailand,THA,1980,18900
Thailand,THA,1981,30163
Thailand,THA,1982,49522
Thailand,THA,1983,55552
Thailand,THA,1984,81361
Thailand,THA,1985,89000
Thailand,THA,1986,105000
Thailand,THA,1987,131000
Thailand,THA,1988,161000
Thailand,THA,1989,199000
Thailand,THA,1990,226000
Thailand,THA,1991,234000
Thailand,THA,1992,270000
Thailand,THA,1993,265000
Thailand,THA,1994,300000
Thailand,THA,1995,370000
Thailand,THA,1996,400000
Thailand,THA,1997,449796
Thailand,THA,1998,475042
Thailand,THA,1999,570000
Thailand,THA,2000,579000
Thailand,THA,2001,780390
Thailand,THA,2002,641608
Thailand,THA,2003,863835
Thailand,THA,2004,820838
Thailand,THA,2005,783953
Thailand,THA,2006,1167126
Thailand,THA,2007,1051089
Thailand,THA,2008,1543761
Thailand,THA,2009,1387604
Thailand,THA,2010,1287509
Thailand,THA,2011,1650000
Thailand,THA,2012,1780000
Thailand,THA,2013,1970000
Thailand,THA,2014,1854000
Thailand,THA,2015,1832900
Thailand,THA,2016,1820300
Thailand,THA,2017,2597000
Thailand,THA,2018,2776800
Timor,TLS,1966,0
Timor,TLS,1967,0
Timor,TLS,1968,0
Timor,TLS,1969,0
Timor,TLS,1970,0
Timor,TLS,1971,0
Timor,TLS,1972,0
Timor,TLS,1973,0
Timor,TLS,1974,0
Timor,TLS,1975,0
Timor,TLS,1976,0
Timor,TLS,1990,0
Timor,TLS,1991,0
Timor,TLS,1992,0
Timor,TLS,2015,0
Togo,TGO,1961,7700
Togo,TGO,1962,7700
Togo,TGO,1963,7700
Togo,TGO,1964,7700
Togo,TGO,1965,7700
Togo,TGO,1966,7700
Togo,TGO,1967,7700
Togo,TGO,1968,7700
Togo,TGO,1969,7700
Togo,TGO,1970,7700
Togo,TGO,1971,7700
Togo,TGO,1972,7700
Togo,TGO,1973,7700
Togo,TGO,1974,7700
Togo,TGO,1975,7100
Togo,TGO,1976,7100
Togo,TGO,1977,7100
Togo,TGO,1978,7100
Togo,TGO,1979,7100
Togo,TGO,1980,7100
Togo,TGO,1981,7100
Togo,TGO,1982,7100
Togo,TGO,1983,7100
Togo,TGO,1984,7100
Togo,TGO,1985,7100
Togo,TGO,1986,7100
Togo,TGO,1987,7100
Togo,TGO,1988,7100
Togo,TGO,1989,7100
Togo,TGO,1990,7758
Togo,TGO,1991,8042
Togo,TGO,1992,8475
Togo,TGO,1993,8612
Togo,TGO,1994,8733
Togo,TGO,1995,8000
Togo,TGO,1996,8500
Togo,TGO,1997,6800
Togo,TGO,1998,7000
Togo,TGO,1999,7000
Togo,TGO,2000,7000
Togo,TGO,2001,7000
Togo,TGO,2002,7000
Togo,TGO,2003,7000
Togo,TGO,2004,7000
Togo,TGO,2005,7000
Togo,TGO,2006,7000
Togo,TGO,2007,7000
Togo,TGO,2008,7800
Togo,TGO,2009,8200
Togo,TGO,2010,8800
Togo,TGO,2011,8800
Togo,TGO,2012,9000
Togo,TGO,2013,9000
Togo,TGO,2014,9500
Togo,TGO,2015,9622
Togo,TGO,2016,9400
Togo,TGO,2017,9500
Togo,TGO,2018,9500
Venezuela,VEN,1980,3767
Venezuela,VEN,1981,2590
Venezuela,VEN,1982,3688
Venezuela,VEN,1983,4739
Venezuela,VEN,1984,5033
Venezuela,VEN,1985,4405
Venezuela,VEN,1986,4746
Venezuela,VEN,1987,4896
Venezuela,VEN,1988,3772
Venezuela,VEN,1989,5068
Venezuela,VEN,1990,4324
Venezuela,VEN,1991,6758
Venezuela,VEN,1992,11935
Venezuela,VEN,1993,20576
Venezuela,VEN,1994,34092
Venezuela,VEN,1995,38699
Venezuela,VEN,1996,44756
Venezuela,VEN,1997,53587
Venezuela,VEN,1998,43606
Venezuela,VEN,1999,60065
Venezuela,VEN,2000,70340
Venezuela,VEN,2001,52852
Venezuela,VEN,2002,55987
Venezuela,VEN,2003,42035
Venezuela,VEN,2004,62741
Venezuela,VEN,2005,62600
Venezuela,VEN,2006,66500
Venezuela,VEN,2007,70400
Venezuela,VEN,2008,94115
Venezuela,VEN,2009,74196
Venezuela,VEN,2010,20742
Venezuela,VEN,2011,14738
Venezuela,VEN,2012,14738
Venezuela,VEN,2013,10545
Venezuela,VEN,2014,9697
Venezuela,VEN,2015,9300
Venezuela,VEN,2016,8900
Venezuela,VEN,2017,9100
Venezuela,VEN,2018,9000
Western Africa,,1961,814600
Western Africa,,1962,787200
Western Africa,,1963,816100
Western Africa,,1964,839200
Western Africa,,1965,862200
Western Africa,,1966,880000
Western Africa,,1967,775300
Western Africa,,1968,783200
Western Africa,,1969,819000
Western Africa,,1970,714807
Western Africa,,1971,726290
Western Africa,,1972,697896
Western Africa,,1973,676436
Western Africa,,1974,794696
Western Africa,,1975,841100
Western Africa,,1976,862900
Western Africa,,1977,840400
Western Africa,,1978,854000
Western Africa,,1979,960000
Western Africa,,1980,1030200
Western Africa,,1981,867400
Western Africa,,1982,860400
Western Africa,,1983,859200
Western Africa,,1984,873732
Western Africa,,1985,995486
Western Africa,,1986,1068432
Western Africa,,1987,1141907
Western Africa,,1988,1106042
Western Africa,,1989,1124472
Western Africa,,1990,1221232
Western Africa,,1991,1267241
Western Africa,,1992,1329350
Western Africa,,1993,1357686
Western Africa,,1994,1379191
Western Africa,,1995,1394588
Western Africa,,1996,1328427
Western Africa,,1997,1326693
Western Africa,,1998,1387538
Western Africa,,1999,1453945
Western Africa,,2000,1454995
Western Africa,,2001,1416850
Western Africa,,2002,1502098
Western Africa,,2003,1536662
Western Africa,,2004,1691081
Western Africa,,2005,1708491
Western Africa,,2006,1887484
Western Africa,,2007,1920822
Western Africa,,2008,1967873
Western Africa,,2009,1920963
Western Africa,,2010,1670928
Western Africa,,2011,1645800
Western Africa,,2012,1713770
Western Africa,,2013,1635500
Western Africa,,2014,1683199
Western Africa,,2015,1721276
Western Africa,,2016,1934210
Western Africa,,2017,2004660
Western Africa,,2018,2046720
World,OWID_WRL,1961,1478901
World,OWID_WRL,1962,1475941
World,OWID_WRL,1963,1535070
World,OWID_WRL,1964,1570032
World,OWID_WRL,1965,1576213
World,OWID_WRL,1966,1666205
World,OWID_WRL,1967,1669217
World,OWID_WRL,1968,1823724
World,OWID_WRL,1969,1942471
World,OWID_WRL,1970,1937339
World,OWID_WRL,1971,2159330
World,OWID_WRL,1972,2308616
World,OWID_WRL,1973,2412388
World,OWID_WRL,1974,2810191
World,OWID_WRL,1975,3130953
World,OWID_WRL,1976,3321918
World,OWID_WRL,1977,3561794
World,OWID_WRL,1978,3840547
World,OWID_WRL,1979,4528449
World,OWID_WRL,1980,5082953
World,OWID_WRL,1981,5295847
World,OWID_WRL,1982,6173947
World,OWID_WRL,1983,5806853
World,OWID_WRL,1984,6822507
World,OWID_WRL,1985,7585207
World,OWID_WRL,1986,8275833
World,OWID_WRL,1987,8536727
World,OWID_WRL,1988,9293011
World,OWID_WRL,1989,10787059
World,OWID_WRL,1990,11449105
World,OWID_WRL,1991,11879204
World,OWID_WRL,1992,12857624
World,OWID_WRL,1993,14155115
World,OWID_WRL,1994,14719162
World,OWID_WRL,1995,15935864
World,OWID_WRL,1996,17009521
World,OWID_WRL,1997,18279798
World,OWID_WRL,1998,18206018
World,OWID_WRL,1999,20724971
World,OWID_WRL,2000,22216169
World,OWID_WRL,2001,24823746
World,OWID_WRL,2002,26124647
World,OWID_WRL,2003,28665433
World,OWID_WRL,2004,30049419
World,OWID_WRL,2005,32254707
World,OWID_WRL,2006,39408195
World,OWID_WRL,2007,39762987
World,OWID_WRL,2008,42352911
World,OWID_WRL,2009,43871702
World,OWID_WRL,2010,45781555
World,OWID_WRL,2011,50349524
World,OWID_WRL,2012,52375870
World,OWID_WRL,2013,55219557
World,OWID_WRL,2014,57260155
World,OWID_WRL,2015,59800434
World,OWID_WRL,2016,58156889
World,OWID_WRL,2017,65860608
World,OWID_WRL,2018,71453193